"pref","muni_code","hokenjo"
"北海道","01101","札幌市"
"北海道","01102","札幌市"
"北海道","01103","札幌市"
"北海道","01104","札幌市"
"北海道","01105","札幌市"
"北海道","01106","札幌市"
"北海道","01107","札幌市"
"北海道","01108","札幌市"
"北海道","01109","札幌市"
"北海道","01110","札幌市"
"北海道","01202","市立函館"
"北海道","01203","小樽市"
"北海道","01204","旭川市"
"北海道","01205","室蘭"
"北海道","01206","釧路"
"北海道","01207","帯広"
"北海道","01208","北見"
"北海道","01209","岩見沢"
"北海道","01210","岩見沢"
"北海道","01211","網走"
"北海道","01212","留萌"
"北海道","01213","苫小牧"
"北海道","01214","稚内"
"北海道","01215","岩見沢"
"北海道","01216","滝川"
"北海道","01217","江別"
"北海道","01218","滝川"
"北海道","01219","紋別"
"北海道","01220","名寄"
"北海道","01221","名寄"
"北海道","01222","岩見沢"
"北海道","01223","根室"
"北海道","01224","千歳"
"北海道","01225","滝川"
"北海道","01226","滝川"
"北海道","01227","滝川"
"北海道","01228","深川"
"北海道","01229","富良野"
"北海道","01230","室蘭"
"北海道","01231","千歳"
"北海道","01233","室蘭"
"北海道","01234","千歳"
"北海道","01235","江別"
"北海道","01236","渡島"
"北海道","01303","江別"
"北海道","01304","江別"
"北海道","01331","渡島"
"北海道","01332","渡島"
"北海道","01333","渡島"
"北海道","01334","渡島"
"北海道","01337","渡島"
"北海道","01343","渡島"
"北海道","01345","渡島"
"北海道","01346","八雲"
"北海道","01347","八雲"
"北海道","01361","江差"
"北海道","01362","江差"
"北海道","01363","江差"
"北海道","01364","江差"
"北海道","01367","江差"
"北海道","01370","八雲"
"北海道","01371","八雲"
"北海道","01391","倶知安"
"北海道","01392","倶知安"
"北海道","01393","倶知安"
"北海道","01394","倶知安"
"北海道","01395","倶知安"
"北海道","01396","倶知安"
"北海道","01397","倶知安"
"北海道","01398","倶知安"
"北海道","01399","倶知安"
"北海道","01400","倶知安"
"北海道","01401","岩内"
"北海道","01402","岩内"
"北海道","01403","岩内"
"北海道","01404","岩内"
"北海道","01405","倶知安"
"北海道","01406","倶知安"
"北海道","01407","倶知安"
"北海道","01408","倶知安"
"北海道","01409","倶知安"
"北海道","01423","岩見沢"
"北海道","01424","滝川"
"北海道","01425","滝川"
"北海道","01427","岩見沢"
"北海道","01428","岩見沢"
"北海道","01429","岩見沢"
"北海道","01430","岩見沢"
"北海道","01431","滝川"
"北海道","01432","滝川"
"北海道","01433","深川"
"北海道","01434","深川"
"北海道","01436","滝川"
"北海道","01437","深川"
"北海道","01438","深川"
"北海道","01452","上川"
"北海道","01453","上川"
"北海道","01454","上川"
"北海道","01455","上川"
"北海道","01456","上川"
"北海道","01457","上川"
"北海道","01458","上川"
"北海道","01459","上川"
"北海道","01460","富良野"
"北海道","01461","富良野"
"北海道","01462","富良野"
"北海道","01463","富良野"
"北海道","01464","名寄"
"北海道","01465","名寄"
"北海道","01468","名寄"
"北海道","01469","名寄"
"北海道","01470","名寄"
"北海道","01471","名寄"
"北海道","01472","上川"
"北海道","01481","留萌"
"北海道","01482","留萌"
"北海道","01483","留萌"
"北海道","01484","留萌"
"北海道","01485","留萌"
"北海道","01486","留萌"
"北海道","01487","留萌"
"北海道","01511","稚内"
"北海道","01512","稚内"
"北海道","01513","稚内"
"北海道","01514","稚内"
"北海道","01516","稚内"
"北海道","01517","稚内"
"北海道","01518","稚内"
"北海道","01519","稚内"
"北海道","01520","稚内"
"北海道","01543","北見"
"北海道","01544","北見"
"北海道","01545","網走"
"北海道","01546","網走"
"北海道","01547","網走"
"北海道","01549","北見"
"北海道","01550","北見"
"北海道","01552","紋別"
"北海道","01555","紋別"
"北海道","01559","紋別"
"北海道","01560","紋別"
"北海道","01561","紋別"
"北海道","01562","紋別"
"北海道","01563","紋別"
"北海道","01564","網走"
"北海道","01571","室蘭"
"北海道","01575","室蘭"
"北海道","01578","苫小牧"
"北海道","01581","苫小牧"
"北海道","01584","室蘭"
"北海道","01585","苫小牧"
"北海道","01586","苫小牧"
"北海道","01601","静内"
"北海道","01602","静内"
"北海道","01604","静内"
"北海道","01607","浦河"
"北海道","01608","浦河"
"北海道","01609","浦河"
"北海道","01610","静内"
"北海道","01631","帯広"
"北海道","01632","帯広"
"北海道","01633","帯広"
"北海道","01634","帯広"
"北海道","01635","帯広"
"北海道","01636","帯広"
"北海道","01637","帯広"
"北海道","01638","帯広"
"北海道","01639","帯広"
"北海道","01641","帯広"
"北海道","01642","帯広"
"北海道","01643","帯広"
"北海道","01644","帯広"
"北海道","01645","帯広"
"北海道","01646","帯広"
"北海道","01647","帯広"
"北海道","01648","帯広"
"北海道","01649","帯広"
"北海道","01661","釧路"
"北海道","01662","釧路"
"北海道","01663","釧路"
"北海道","01664","釧路"
"北海道","01665","釧路"
"北海道","01667","釧路"
"北海道","01668","釧路"
"北海道","01691","中標津"
"北海道","01692","中標津"
"北海道","01693","中標津"
"北海道","01694","中標津"
"青森県","02201","青森市"
"青森県","02202","中南"
"青森県","02203","八戸市"
"青森県","02204","中南"
"青森県","02205","西北"
"青森県","02206","上北"
"青森県","02207","上北"
"青森県","02208","下北"
"青森県","02209","西北"
"青森県","02210","中南"
"青森県","02301","東津軽"
"青森県","02303","東津軽"
"青森県","02304","東津軽"
"青森県","02307","東津軽"
"青森県","02321","西北"
"青森県","02323","西北"
"青森県","02343","中南"
"青森県","02361","中南"
"青森県","02362","中南"
"青森県","02367","中南"
"青森県","02381","中南"
"青森県","02384","西北"
"青森県","02387","西北"
"青森県","02401","上北"
"青森県","02402","上北"
"青森県","02405","上北"
"青森県","02406","上北"
"青森県","02408","上北"
"青森県","02411","上北"
"青森県","02412","三戸"
"青森県","02423","下北"
"青森県","02424","下北"
"青森県","02425","下北"
"青森県","02426","下北"
"青森県","02441","三戸"
"青森県","02442","三戸"
"青森県","02443","三戸"
"青森県","02445","三戸"
"青森県","02446","三戸"
"青森県","02450","三戸"
"岩手県","03201","盛岡市"
"岩手県","03202","宮古"
"岩手県","03203","大船渡"
"岩手県","03205","中部"
"岩手県","03206","中部"
"岩手県","03207","久慈"
"岩手県","03208","中部"
"岩手県","03209","一関"
"岩手県","03210","大船渡"
"岩手県","03211","釜石"
"岩手県","03213","二戸"
"岩手県","03214","県央"
"岩手県","03215","奥州"
"岩手県","03216","県央"
"岩手県","03301","県央"
"岩手県","03302","県央"
"岩手県","03303","県央"
"岩手県","03321","県央"
"岩手県","03322","県央"
"岩手県","03366","中部"
"岩手県","03381","奥州"
"岩手県","03402","一関"
"岩手県","03441","大船渡"
"岩手県","03461","釜石"
"岩手県","03482","宮古"
"岩手県","03483","宮古"
"岩手県","03484","宮古"
"岩手県","03485","久慈"
"岩手県","03501","二戸"
"岩手県","03503","久慈"
"岩手県","03506","二戸"
"岩手県","03507","久慈"
"岩手県","03524","二戸"
"宮城県","04101","仙台市"
"宮城県","04102","仙台市"
"宮城県","04103","仙台市"
"宮城県","04104","仙台市"
"宮城県","04105","仙台市"
"宮城県","04202","石巻"
"宮城県","04203","塩釜"
"宮城県","04205","気仙沼"
"宮城県","04206","仙南"
"宮城県","04207","塩釜"
"宮城県","04208","仙南"
"宮城県","04209","塩釜"
"宮城県","04211","塩釜"
"宮城県","04212","石巻"
"宮城県","04213","大崎"
"宮城県","04214","石巻"
"宮城県","04215","大崎"
"宮城県","04216","塩釜"
"宮城県","04301","仙南"
"宮城県","04302","仙南"
"宮城県","04321","仙南"
"宮城県","04322","仙南"
"宮城県","04323","仙南"
"宮城県","04324","仙南"
"宮城県","04341","仙南"
"宮城県","04361","塩釜"
"宮城県","04362","塩釜"
"宮城県","04401","塩釜"
"宮城県","04404","塩釜"
"宮城県","04406","塩釜"
"宮城県","04421","塩釜"
"宮城県","04422","塩釜"
"宮城県","04424","塩釜"
"宮城県","04444","大崎"
"宮城県","04445","大崎"
"宮城県","04501","大崎"
"宮城県","04505","大崎"
"宮城県","04581","石巻"
"宮城県","04606","気仙沼"
"秋田県","05201","秋田市"
"秋田県","05202","能代"
"秋田県","05203","横手"
"秋田県","05204","大館"
"秋田県","05206","秋田中央"
"秋田県","05207","湯沢"
"秋田県","05209","大館"
"秋田県","05210","由利本荘"
"秋田県","05211","秋田中央"
"秋田県","05212","大仙"
"秋田県","05213","北秋田"
"秋田県","05214","由利本荘"
"秋田県","05215","大仙"
"秋田県","05303","大館"
"秋田県","05327","北秋田"
"秋田県","05346","能代"
"秋田県","05348","能代"
"秋田県","05349","能代"
"秋田県","05361","秋田中央"
"秋田県","05363","秋田中央"
"秋田県","05366","秋田中央"
"秋田県","05368","秋田中央"
"秋田県","05434","大仙"
"秋田県","05463","湯沢"
"秋田県","05464","湯沢"
"山形県","06201","山形市"
"山形県","06202","置賜"
"山形県","06203","庄内"
"山形県","06204","庄内"
"山形県","06205","最上"
"山形県","06206","村山"
"山形県","06207","村山"
"山形県","06208","村山"
"山形県","06209","置賜"
"山形県","06210","村山"
"山形県","06211","村山"
"山形県","06212","村山"
"山形県","06213","置賜"
"山形県","06301","村山"
"山形県","06302","村山"
"山形県","06321","村山"
"山形県","06322","村山"
"山形県","06323","村山"
"山形県","06324","村山"
"山形県","06341","村山"
"山形県","06361","最上"
"山形県","06362","最上"
"山形県","06363","最上"
"山形県","06364","最上"
"山形県","06365","最上"
"山形県","06366","最上"
"山形県","06367","最上"
"山形県","06381","置賜"
"山形県","06382","置賜"
"山形県","06401","置賜"
"山形県","06402","置賜"
"山形県","06403","置賜"
"山形県","06426","庄内"
"山形県","06428","庄内"
"山形県","06461","庄内"
"福島県","07201","福島市"
"福島県","07202","会津"
"福島県","07203","郡山市"
"福島県","07204","いわき市"
"福島県","07205","県南"
"福島県","07207","県中"
"福島県","07208","会津"
"福島県","07209","相双"
"福島県","07210","県北"
"福島県","07211","県中"
"福島県","07212","相双"
"福島県","07213","県北"
"福島県","07214","県北"
"福島県","07301","県北"
"福島県","07303","県北"
"福島県","07308","県北"
"福島県","07322","県北"
"福島県","07342","県中"
"福島県","07344","県中"
"福島県","07362","南会津"
"福島県","07364","南会津"
"福島県","07367","南会津"
"福島県","07368","南会津"
"福島県","07402","会津"
"福島県","07405","会津"
"福島県","07407","会津"
"福島県","07408","会津"
"福島県","07421","会津"
"福島県","07422","会津"
"福島県","07423","会津"
"福島県","07444","会津"
"福島県","07445","会津"
"福島県","07446","会津"
"福島県","07447","会津"
"福島県","07461","県南"
"福島県","07464","県南"
"福島県","07465","県南"
"福島県","07466","県南"
"福島県","07481","県南"
"福島県","07482","県南"
"福島県","07483","県南"
"福島県","07484","県南"
"福島県","07501","県中"
"福島県","07502","県中"
"福島県","07503","県中"
"福島県","07504","県中"
"福島県","07505","県中"
"福島県","07521","県中"
"福島県","07522","県中"
"福島県","07541","相双"
"福島県","07542","相双"
"福島県","07543","相双"
"福島県","07544","相双"
"福島県","07545","相双"
"福島県","07546","相双"
"福島県","07547","相双"
"福島県","07548","相双"
"福島県","07561","相双"
"福島県","07564","相双"
"茨城県","08201","水戸市"
"茨城県","08202","日立"
"茨城県","08203","土浦"
"茨城県","08204","古河"
"茨城県","08205","土浦"
"茨城県","08207","筑西"
"茨城県","08208","竜ケ崎"
"茨城県","08210","筑西"
"茨城県","08211","つくば"
"茨城県","08212","ひたちなか"
"茨城県","08214","日立"
"茨城県","08215","日立"
"茨城県","08216","中央"
"茨城県","08217","竜ケ崎"
"茨城県","08219","竜ケ崎"
"茨城県","08220","つくば"
"茨城県","08221","ひたちなか"
"茨城県","08222","潮来"
"茨城県","08223","潮来"
"茨城県","08224","竜ケ崎"
"茨城県","08225","ひたちなか"
"茨城県","08226","ひたちなか"
"茨城県","08227","筑西"
"茨城県","08228","古河"
"茨城県","08229","竜ケ崎"
"茨城県","08230","土浦"
"茨城県","08231","筑西"
"茨城県","08232","潮来"
"茨城県","08233","潮来"
"茨城県","08234","潮来"
"茨城県","08235","つくば"
"茨城県","08236","中央"
"茨城県","08302","中央"
"茨城県","08309","中央"
"茨城県","08310","中央"
"茨城県","08341","ひたちなか"
"茨城県","08364","ひたちなか"
"茨城県","08442","竜ケ崎"
"茨城県","08443","竜ケ崎"
"茨城県","08447","竜ケ崎"
"茨城県","08521","筑西"
"茨城県","08542","古河"
"茨城県","08546","古河"
"茨城県","08564","竜ケ崎"
"栃木県","09201","宇都宮市"
"栃木県","09202","安足"
"栃木県","09203","県南"
"栃木県","09204","安足"
"栃木県","09205","県西"
"栃木県","09206","県西"
"栃木県","09208","県南"
"栃木県","09209","県東"
"栃木県","09210","県北"
"栃木県","09211","県北"
"栃木県","09213","県北"
"栃木県","09214","県北"
"栃木県","09215","県北"
"栃木県","09216","県南"
"栃木県","09301","県南"
"栃木県","09342","県東"
"栃木県","09343","県東"
"栃木県","09344","県東"
"栃木県","09345","県東"
"栃木県","09361","県南"
"栃木県","09364","県南"
"栃木県","09384","県北"
"栃木県","09386","県北"
"栃木県","09407","県北"
"栃木県","09411","県北"
"群馬県","10201","前橋市"
"群馬県","10202","高崎市"
"群馬県","10203","桐生"
"群馬県","10204","伊勢崎"
"群馬県","10205","太田"
"群馬県","10206","利根沼田"
"群馬県","10207","館林"
"群馬県","10208","渋川"
"群馬県","10209","藤岡"
"群馬県","10210","富岡"
"群馬県","10211","安中"
"群馬県","10212","桐生"
"群馬県","10344","渋川"
"群馬県","10345","渋川"
"群馬県","10366","藤岡"
"群馬県","10367","藤岡"
"群馬県","10382","富岡"
"群馬県","10383","富岡"
"群馬県","10384","富岡"
"群馬県","10421","吾妻"
"群馬県","10424","吾妻"
"群馬県","10425","吾妻"
"群馬県","10426","吾妻"
"群馬県","10428","吾妻"
"群馬県","10429","吾妻"
"群馬県","10443","利根沼田"
"群馬県","10444","利根沼田"
"群馬県","10448","利根沼田"
"群馬県","10449","利根沼田"
"群馬県","10464","伊勢崎"
"群馬県","10521","館林"
"群馬県","10522","館林"
"群馬県","10523","館林"
"群馬県","10524","館林"
"群馬県","10525","館林"
"埼玉県","11101","さいたま市"
"埼玉県","11102","さいたま市"
"埼玉県","11103","さいたま市"
"埼玉県","11104","さいたま市"
"埼玉県","11105","さいたま市"
"埼玉県","11106","さいたま市"
"埼玉県","11107","さいたま市"
"埼玉県","11108","さいたま市"
"埼玉県","11109","さいたま市"
"埼玉県","11110","さいたま市"
"埼玉県","11201","川越市"
"埼玉県","11202","熊谷"
"埼玉県","11203","川口市"
"埼玉県","11206","加須"
"埼玉県","11207","秩父"
"埼玉県","11208","狭山"
"埼玉県","11209","狭山"
"埼玉県","11210","加須"
"埼玉県","11211","本庄"
"埼玉県","11212","東松山"
"埼玉県","11214","春日部"
"埼玉県","11215","狭山"
"埼玉県","11216","加須"
"埼玉県","11217","鴻巣"
"埼玉県","11218","熊谷"
"埼玉県","11219","鴻巣"
"埼玉県","11221","草加"
"埼玉県","11222","越谷市"
"埼玉県","11223","南部"
"埼玉県","11224","南部"
"埼玉県","11225","狭山"
"埼玉県","11227","朝霞"
"埼玉県","11228","朝霞"
"埼玉県","11229","朝霞"
"埼玉県","11230","朝霞"
"埼玉県","11231","鴻巣"
"埼玉県","11232","幸手"
"埼玉県","11233","鴻巣"
"埼玉県","11234","草加"
"埼玉県","11235","朝霞"
"埼玉県","11237","草加"
"埼玉県","11238","幸手"
"埼玉県","11239","坂戸"
"埼玉県","11240","幸手"
"埼玉県","11241","坂戸"
"埼玉県","11242","狭山"
"埼玉県","11243","草加"
"埼玉県","11245","朝霞"
"埼玉県","11246","幸手"
"埼玉県","11301","鴻巣"
"埼玉県","11324","朝霞"
"埼玉県","11326","坂戸"
"埼玉県","11327","坂戸"
"埼玉県","11341","東松山"
"埼玉県","11342","東松山"
"埼玉県","11343","東松山"
"埼玉県","11346","東松山"
"埼玉県","11347","東松山"
"埼玉県","11348","坂戸"
"埼玉県","11349","東松山"
"埼玉県","11361","秩父"
"埼玉県","11362","秩父"
"埼玉県","11363","秩父"
"埼玉県","11365","秩父"
"埼玉県","11369","東松山"
"埼玉県","11381","本庄"
"埼玉県","11383","本庄"
"埼玉県","11385","本庄"
"埼玉県","11408","熊谷"
"埼玉県","11442","幸手"
"埼玉県","11464","幸手"
"埼玉県","11465","春日部"
"千葉県","12101","千葉市"
"千葉県","12102","千葉市"
"千葉県","12103","千葉市"
"千葉県","12104","千葉市"
"千葉県","12105","千葉市"
"千葉県","12106","千葉市"
"千葉県","12202","海匝"
"千葉県","12203","市川"
"千葉県","12204","船橋市"
"千葉県","12205","安房"
"千葉県","12206","君津"
"千葉県","12207","松戸"
"千葉県","12208","野田"
"千葉県","12210","長生"
"千葉県","12211","印旛"
"千葉県","12212","印旛"
"千葉県","12213","山武"
"千葉県","12215","海匝"
"千葉県","12216","習志野"
"千葉県","12217","柏市"
"千葉県","12218","夷隅"
"千葉県","12219","市原"
"千葉県","12220","松戸"
"千葉県","12221","習志野"
"千葉県","12222","松戸"
"千葉県","12223","安房"
"千葉県","12224","習志野"
"千葉県","12225","君津"
"千葉県","12226","君津"
"千葉県","12227","市川"
"千葉県","12228","印旛"
"千葉県","12229","君津"
"千葉県","12230","印旛"
"千葉県","12231","印旛"
"千葉県","12232","印旛"
"千葉県","12233","印旛"
"千葉県","12234","安房"
"千葉県","12235","海匝"
"千葉県","12236","香取"
"千葉県","12237","山武"
"千葉県","12238","夷隅"
"千葉県","12239","山武"
"千葉県","12322","印旛"
"千葉県","12329","印旛"
"千葉県","12342","香取"
"千葉県","12347","香取"
"千葉県","12349","香取"
"千葉県","12403","山武"
"千葉県","12409","山武"
"千葉県","12410","山武"
"千葉県","12421","長生"
"千葉県","12422","長生"
"千葉県","12423","長生"
"千葉県","12424","長生"
"千葉県","12426","長生"
"千葉県","12427","長生"
"千葉県","12441","夷隅"
"千葉県","12443","夷隅"
"千葉県","12463","安房"
"東京都","13101","千代田"
"東京都","13102","中央区"
"東京都","13103","みなと"
"東京都","13104","新宿区"
"東京都","13105","文京"
"東京都","13106","台東"
"東京都","13107","墨田区"
"東京都","13108","江東区"
"東京都","13109","品川区"
"東京都","13110","目黒区"
"東京都","13111","大田区"
"東京都","13112","世田谷"
"東京都","13113","渋谷区"
"東京都","13114","中野区"
"東京都","13115","杉並"
"東京都","13116","豊島区"
"東京都","13117","北区"
"東京都","13118","荒川区"
"東京都","13119","板橋区"
"東京都","13120","練馬区"
"東京都","13121","足立"
"東京都","13122","葛飾区"
"東京都","13123","江戸川"
"東京都","13201","八王子市"
"東京都","13202","多摩立川"
"東京都","13203","多摩府中"
"東京都","13204","多摩府中"
"東京都","13205","西多摩"
"東京都","13206","多摩府中"
"東京都","13207","多摩立川"
"東京都","13208","多摩府中"
"東京都","13209","町田市"
"東京都","13210","多摩府中"
"東京都","13211","多摩小平"
"東京都","13212","南多摩"
"東京都","13213","多摩小平"
"東京都","13214","多摩立川"
"東京都","13215","多摩立川"
"東京都","13218","西多摩"
"東京都","13219","多摩府中"
"東京都","13220","多摩立川"
"東京都","13221","多摩小平"
"東京都","13222","多摩小平"
"東京都","13223","多摩立川"
"東京都","13224","南多摩"
"東京都","13225","南多摩"
"東京都","13227","西多摩"
"東京都","13228","西多摩"
"東京都","13229","多摩小平"
"東京都","13303","西多摩"
"東京都","13305","西多摩"
"東京都","13307","西多摩"
"東京都","13308","西多摩"
"東京都","13361","島しょ"
"東京都","13362","島しょ"
"東京都","13363","島しょ"
"東京都","13364","島しょ"
"東京都","13381","島しょ"
"東京都","13382","島しょ"
"東京都","13401","島しょ"
"東京都","13402","島しょ"
"東京都","13421","島しょ"
"神奈川県","14101","横浜市"
"神奈川県","14102","横浜市"
"神奈川県","14103","横浜市"
"神奈川県","14104","横浜市"
"神奈川県","14105","横浜市"
"神奈川県","14106","横浜市"
"神奈川県","14107","横浜市"
"神奈川県","14108","横浜市"
"神奈川県","14109","横浜市"
"神奈川県","14110","横浜市"
"神奈川県","14111","横浜市"
"神奈川県","14112","横浜市"
"神奈川県","14113","横浜市"
"神奈川県","14114","横浜市"
"神奈川県","14115","横浜市"
"神奈川県","14116","横浜市"
"神奈川県","14117","横浜市"
"神奈川県","14118","横浜市"
"神奈川県","14131","川崎市"
"神奈川県","14132","川崎市"
"神奈川県","14133","川崎市"
"神奈川県","14134","川崎市"
"神奈川県","14135","川崎市"
"神奈川県","14136","川崎市"
"神奈川県","14137","川崎市"
"神奈川県","14151","相模原市"
"神奈川県","14152","相模原市"
"神奈川県","14153","相模原市"
"神奈川県","14201","横須賀市"
"神奈川県","14203","平塚"
"神奈川県","14204","鎌倉"
"神奈川県","14205","藤沢市"
"神奈川県","14206","小田原"
"神奈川県","14207","茅ヶ崎市"
"神奈川県","14208","鎌倉"
"神奈川県","14210","鎌倉"
"神奈川県","14211","平塚"
"神奈川県","14212","厚木"
"神奈川県","14213","厚木"
"神奈川県","14214","平塚"
"神奈川県","14215","厚木"
"神奈川県","14216","厚木"
"神奈川県","14217","小田原"
"神奈川県","14218","厚木"
"神奈川県","14301","鎌倉"
"神奈川県","14321","茅ヶ崎市"
"神奈川県","14341","平塚"
"神奈川県","14342","平塚"
"神奈川県","14361","小田原"
"神奈川県","14362","小田原"
"神奈川県","14363","小田原"
"神奈川県","14364","小田原"
"神奈川県","14366","小田原"
"神奈川県","14382","小田原"
"神奈川県","14383","小田原"
"神奈川県","14384","小田原"
"神奈川県","14401","厚木"
"神奈川県","14402","厚木"
"新潟県","15101","新潟市"
"新潟県","15102","新潟市"
"新潟県","15103","新潟市"
"新潟県","15104","新潟市"
"新潟県","15105","新潟市"
"新潟県","15106","新潟市"
"新潟県","15107","新潟市"
"新潟県","15108","新潟市"
"新潟県","15202","長岡"
"新潟県","15204","三条"
"新潟県","15205","柏崎"
"新潟県","15206","新発田"
"新潟県","15208","長岡"
"新潟県","15209","三条"
"新潟県","15210","十日町"
"新潟県","15211","長岡"
"新潟県","15212","村上"
"新潟県","15213","三条"
"新潟県","15216","糸魚川"
"新潟県","15217","上越"
"新潟県","15218","新津"
"新潟県","15222","上越"
"新潟県","15223","新発田"
"新潟県","15224","佐渡"
"新潟県","15225","魚沼"
"新潟県","15226","南魚沼"
"新潟県","15227","新発田"
"新潟県","15307","新発田"
"新潟県","15342","三条"
"新潟県","15361","三条"
"新潟県","15385","新津"
"新潟県","15405","長岡"
"新潟県","15461","南魚沼"
"新潟県","15482","十日町"
"新潟県","15504","柏崎"
"新潟県","15581","村上"
"新潟県","15586","村上"
"富山県","16201","富山市"
"富山県","16202","高岡"
"富山県","16204","新川"
"富山県","16205","高岡"
"富山県","16206","中部"
"富山県","16207","新川"
"富山県","16208","砺波"
"富山県","16209","砺波"
"富山県","16210","砺波"
"富山県","16211","高岡"
"富山県","16321","中部"
"富山県","16322","中部"
"富山県","16323","中部"
"富山県","16342","新川"
"富山県","16343","新川"
"石川県","17201","金沢市"
"石川県","17202","能登中部"
"石川県","17203","南加賀"
"石川県","17204","能登北部"
"石川県","17205","能登北部"
"石川県","17206","南加賀"
"石川県","17207","能登中部"
"石川県","17209","石川中央"
"石川県","17210","石川中央"
"石川県","17211","南加賀"
"石川県","17212","石川中央"
"石川県","17324","南加賀"
"石川県","17361","石川中央"
"石川県","17365","石川中央"
"石川県","17384","能登中部"
"石川県","17386","能登中部"
"石川県","17407","能登中部"
"石川県","17461","能登北部"
"石川県","17463","能登北部"
"福井県","18201","福井市"
"福井県","18202","二州"
"福井県","18204","若狭"
"福井県","18205","奥越"
"福井県","18206","奥越"
"福井県","18207","丹南"
"福井県","18208","坂井"
"福井県","18209","丹南"
"福井県","18210","坂井"
"福井県","18322","福井"
"福井県","18382","丹南"
"福井県","18404","丹南"
"福井県","18423","丹南"
"福井県","18442","二州"
"福井県","18481","若狭"
"福井県","18483","若狭"
"福井県","18501","二州"
"山梨県","19201","甲府市"
"山梨県","19202","富士･東部"
"山梨県","19204","富士･東部"
"山梨県","19205","峡東"
"山梨県","19206","富士･東部"
"山梨県","19207","中北"
"山梨県","19208","中北"
"山梨県","19209","中北"
"山梨県","19210","中北"
"山梨県","19211","峡東"
"山梨県","19212","富士･東部"
"山梨県","19213","峡東"
"山梨県","19214","中北"
"山梨県","19346","峡南"
"山梨県","19364","峡南"
"山梨県","19365","峡南"
"山梨県","19366","峡南"
"山梨県","19368","峡南"
"山梨県","19384","中北"
"山梨県","19422","富士･東部"
"山梨県","19423","富士･東部"
"山梨県","19424","富士･東部"
"山梨県","19425","富士･東部"
"山梨県","19429","富士･東部"
"山梨県","19430","富士･東部"
"山梨県","19442","富士･東部"
"山梨県","19443","富士･東部"
"長野県","20201","長野市"
"長野県","20202","松本市"
"長野県","20203","上田"
"長野県","20204","諏訪"
"長野県","20205","飯田"
"長野県","20206","諏訪"
"長野県","20207","長野"
"長野県","20208","佐久"
"長野県","20209","伊那"
"長野県","20210","伊那"
"長野県","20211","北信"
"長野県","20212","大町"
"長野県","20213","北信"
"長野県","20214","諏訪"
"長野県","20215","松本"
"長野県","20217","佐久"
"長野県","20218","長野"
"長野県","20219","上田"
"長野県","20220","松本"
"長野県","20303","佐久"
"長野県","20304","佐久"
"長野県","20305","佐久"
"長野県","20306","佐久"
"長野県","20307","佐久"
"長野県","20309","佐久"
"長野県","20321","佐久"
"長野県","20323","佐久"
"長野県","20324","佐久"
"長野県","20349","上田"
"長野県","20350","上田"
"長野県","20361","諏訪"
"長野県","20362","諏訪"
"長野県","20363","諏訪"
"長野県","20382","伊那"
"長野県","20383","伊那"
"長野県","20384","伊那"
"長野県","20385","伊那"
"長野県","20386","伊那"
"長野県","20388","伊那"
"長野県","20402","飯田"
"長野県","20403","飯田"
"長野県","20404","飯田"
"長野県","20407","飯田"
"長野県","20409","飯田"
"長野県","20410","飯田"
"長野県","20411","飯田"
"長野県","20412","飯田"
"長野県","20413","飯田"
"長野県","20414","飯田"
"長野県","20415","飯田"
"長野県","20416","飯田"
"長野県","20417","飯田"
"長野県","20422","木曽"
"長野県","20423","木曽"
"長野県","20425","木曽"
"長野県","20429","木曽"
"長野県","20430","木曽"
"長野県","20432","木曽"
"長野県","20446","松本"
"長野県","20448","松本"
"長野県","20450","松本"
"長野県","20451","松本"
"長野県","20452","松本"
"長野県","20481","大町"
"長野県","20482","大町"
"長野県","20485","大町"
"長野県","20486","大町"
"長野県","20521","長野"
"長野県","20541","長野"
"長野県","20543","長野"
"長野県","20561","北信"
"長野県","20562","北信"
"長野県","20563","北信"
"長野県","20583","長野"
"長野県","20588","長野"
"長野県","20590","長野"
"長野県","20602","北信"
"岐阜県","21201","岐阜市"
"岐阜県","21202","西濃"
"岐阜県","21203","飛騨"
"岐阜県","21204","東濃"
"岐阜県","21205","関"
"岐阜県","21206","恵那"
"岐阜県","21207","関"
"岐阜県","21208","東濃"
"岐阜県","21209","岐阜"
"岐阜県","21210","恵那"
"岐阜県","21211","可茂"
"岐阜県","21212","東濃"
"岐阜県","21213","岐阜"
"岐阜県","21214","可茂"
"岐阜県","21215","岐阜"
"岐阜県","21216","岐阜"
"岐阜県","21217","飛騨"
"岐阜県","21218","岐阜"
"岐阜県","21219","関"
"岐阜県","21220","飛騨"
"岐阜県","21221","西濃"
"岐阜県","21302","岐阜"
"岐阜県","21303","岐阜"
"岐阜県","21341","西濃"
"岐阜県","21361","西濃"
"岐阜県","21362","西濃"
"岐阜県","21381","西濃"
"岐阜県","21382","西濃"
"岐阜県","21383","西濃"
"岐阜県","21401","西濃"
"岐阜県","21403","西濃"
"岐阜県","21404","西濃"
"岐阜県","21421","岐阜"
"岐阜県","21501","可茂"
"岐阜県","21502","可茂"
"岐阜県","21503","可茂"
"岐阜県","21504","可茂"
"岐阜県","21505","可茂"
"岐阜県","21506","可茂"
"岐阜県","21507","可茂"
"岐阜県","21521","可茂"
"岐阜県","21604","飛騨"
"静岡県","22101","静岡市"
"静岡県","22102","静岡市"
"静岡県","22103","静岡市"
"静岡県","22138","浜松市"
"静岡県","22139","浜松市"
"静岡県","22140","浜松市"
"静岡県","22203","東部"
"静岡県","22205","熱海"
"静岡県","22206","東部"
"静岡県","22207","富士"
"静岡県","22208","熱海"
"静岡県","22209","中部"
"静岡県","22210","富士"
"静岡県","22211","西部"
"静岡県","22212","中部"
"静岡県","22213","西部"
"静岡県","22214","中部"
"静岡県","22215","御殿場"
"静岡県","22216","西部"
"静岡県","22219","賀茂"
"静岡県","22220","東部"
"静岡県","22221","西部"
"静岡県","22222","東部"
"静岡県","22223","西部"
"静岡県","22224","西部"
"静岡県","22225","東部"
"静岡県","22226","中部"
"静岡県","22301","賀茂"
"静岡県","22302","賀茂"
"静岡県","22304","賀茂"
"静岡県","22305","賀茂"
"静岡県","22306","賀茂"
"静岡県","22325","東部"
"静岡県","22341","東部"
"静岡県","22342","東部"
"静岡県","22344","御殿場"
"静岡県","22424","中部"
"静岡県","22429","中部"
"静岡県","22461","西部"
"愛知県","23101","名古屋市"
"愛知県","23102","名古屋市"
"愛知県","23103","名古屋市"
"愛知県","23104","名古屋市"
"愛知県","23105","名古屋市"
"愛知県","23106","名古屋市"
"愛知県","23107","名古屋市"
"愛知県","23108","名古屋市"
"愛知県","23109","名古屋市"
"愛知県","23110","名古屋市"
"愛知県","23111","名古屋市"
"愛知県","23112","名古屋市"
"愛知県","23113","名古屋市"
"愛知県","23114","名古屋市"
"愛知県","23115","名古屋市"
"愛知県","23116","名古屋市"
"愛知県","23201","豊橋市"
"愛知県","23202","岡崎市"
"愛知県","23203","一宮市"
"愛知県","23204","瀬戸"
"愛知県","23205","半田"
"愛知県","23206","春日井"
"愛知県","23207","豊川"
"愛知県","23208","津島"
"愛知県","23209","衣浦東部"
"愛知県","23210","衣浦東部"
"愛知県","23211","豊田市"
"愛知県","23212","衣浦東部"
"愛知県","23213","西尾"
"愛知県","23214","豊川"
"愛知県","23215","江南"
"愛知県","23216","知多"
"愛知県","23217","江南"
"愛知県","23219","春日井"
"愛知県","23220","清須"
"愛知県","23221","新城"
"愛知県","23222","知多"
"愛知県","23223","知多"
"愛知県","23224","知多"
"愛知県","23225","衣浦東部"
"愛知県","23226","瀬戸"
"愛知県","23227","衣浦東部"
"愛知県","23228","江南"
"愛知県","23229","瀬戸"
"愛知県","23230","瀬戸"
"愛知県","23231","豊川"
"愛知県","23232","津島"
"愛知県","23233","清須"
"愛知県","23234","清須"
"愛知県","23235","津島"
"愛知県","23236","衣浦東部"
"愛知県","23237","津島"
"愛知県","23238","瀬戸"
"愛知県","23302","瀬戸"
"愛知県","23342","清須"
"愛知県","23361","江南"
"愛知県","23362","江南"
"愛知県","23424","津島"
"愛知県","23425","津島"
"愛知県","23427","津島"
"愛知県","23441","半田"
"愛知県","23442","半田"
"愛知県","23445","半田"
"愛知県","23446","半田"
"愛知県","23447","半田"
"愛知県","23501","西尾"
"愛知県","23561","新城"
"愛知県","23562","新城"
"愛知県","23563","新城"
"三重県","24201","津"
"三重県","24202","四日市市"
"三重県","24203","伊勢"
"三重県","24204","松阪"
"三重県","24205","桑名"
"三重県","24207","鈴鹿"
"三重県","24208","伊賀"
"三重県","24209","尾鷲"
"三重県","24210","鈴鹿"
"三重県","24211","伊勢"
"三重県","24212","熊野"
"三重県","24214","桑名"
"三重県","24215","伊勢"
"三重県","24216","伊賀"
"三重県","24303","桑名"
"三重県","24324","桑名"
"三重県","24341","桑名"
"三重県","24343","桑名"
"三重県","24344","桑名"
"三重県","24441","松阪"
"三重県","24442","松阪"
"三重県","24443","松阪"
"三重県","24461","伊勢"
"三重県","24470","伊勢"
"三重県","24471","伊勢"
"三重県","24472","伊勢"
"三重県","24543","尾鷲"
"三重県","24561","熊野"
"三重県","24562","熊野"
"滋賀県","25201","大津市"
"滋賀県","25202","彦根"
"滋賀県","25203","長浜"
"滋賀県","25204","東近江"
"滋賀県","25206","草津"
"滋賀県","25207","草津"
"滋賀県","25208","草津"
"滋賀県","25209","甲賀"
"滋賀県","25210","草津"
"滋賀県","25211","甲賀"
"滋賀県","25212","高島"
"滋賀県","25213","東近江"
"滋賀県","25214","長浜"
"滋賀県","25383","東近江"
"滋賀県","25384","東近江"
"滋賀県","25425","彦根"
"滋賀県","25441","彦根"
"滋賀県","25442","彦根"
"滋賀県","25443","彦根"
"京都府","26101","京都市"
"京都府","26102","京都市"
"京都府","26103","京都市"
"京都府","26104","京都市"
"京都府","26105","京都市"
"京都府","26106","京都市"
"京都府","26107","京都市"
"京都府","26108","京都市"
"京都府","26109","京都市"
"京都府","26110","京都市"
"京都府","26111","京都市"
"京都府","26201","中丹西"
"京都府","26202","中丹東"
"京都府","26203","中丹東"
"京都府","26204","山城北"
"京都府","26205","丹後"
"京都府","26206","南丹"
"京都府","26207","山城北"
"京都府","26208","乙訓"
"京都府","26209","乙訓"
"京都府","26210","山城北"
"京都府","26211","山城北"
"京都府","26212","丹後"
"京都府","26213","南丹"
"京都府","26214","山城南"
"京都府","26303","乙訓"
"京都府","26322","山城北"
"京都府","26343","山城北"
"京都府","26344","山城北"
"京都府","26364","山城南"
"京都府","26365","山城南"
"京都府","26366","山城南"
"京都府","26367","山城南"
"京都府","26407","南丹"
"京都府","26463","丹後"
"京都府","26465","丹後"
"大阪府","27102","大阪市"
"大阪府","27103","大阪市"
"大阪府","27104","大阪市"
"大阪府","27106","大阪市"
"大阪府","27107","大阪市"
"大阪府","27108","大阪市"
"大阪府","27109","大阪市"
"大阪府","27111","大阪市"
"大阪府","27113","大阪市"
"大阪府","27114","大阪市"
"大阪府","27115","大阪市"
"大阪府","27116","大阪市"
"大阪府","27117","大阪市"
"大阪府","27118","大阪市"
"大阪府","27119","大阪市"
"大阪府","27120","大阪市"
"大阪府","27121","大阪市"
"大阪府","27122","大阪市"
"大阪府","27123","大阪市"
"大阪府","27124","大阪市"
"大阪府","27125","大阪市"
"大阪府","27126","大阪市"
"大阪府","27127","大阪市"
"大阪府","27128","大阪市"
"大阪府","27141","堺市"
"大阪府","27142","堺市"
"大阪府","27143","堺市"
"大阪府","27144","堺市"
"大阪府","27145","堺市"
"大阪府","27146","堺市"
"大阪府","27147","堺市"
"大阪府","27202","岸和田"
"大阪府","27203","豊中市"
"大阪府","27204","池田"
"大阪府","27205","吹田市"
"大阪府","27206","和泉"
"大阪府","27207","高槻市"
"大阪府","27208","岸和田"
"大阪府","27209","守口"
"大阪府","27210","枚方市"
"大阪府","27211","茨木"
"大阪府","27212","八尾市"
"大阪府","27213","泉佐野"
"大阪府","27214","富田林"
"大阪府","27215","寝屋川市"
"大阪府","27216","富田林"
"大阪府","27217","藤井寺"
"大阪府","27218","四條畷"
"大阪府","27219","和泉"
"大阪府","27220","池田"
"大阪府","27221","藤井寺"
"大阪府","27222","藤井寺"
"大阪府","27223","守口"
"大阪府","27224","茨木"
"大阪府","27225","和泉"
"大阪府","27226","藤井寺"
"大阪府","27227","東大阪市"
"大阪府","27228","泉佐野"
"大阪府","27229","四條畷"
"大阪府","27230","四條畷"
"大阪府","27231","富田林"
"大阪府","27232","泉佐野"
"大阪府","27301","茨木"
"大阪府","27321","池田"
"大阪府","27322","池田"
"大阪府","27341","和泉"
"大阪府","27361","泉佐野"
"大阪府","27362","泉佐野"
"大阪府","27366","泉佐野"
"大阪府","27381","富田林"
"大阪府","27382","富田林"
"大阪府","27383","富田林"
"兵庫県","28101","神戸市"
"兵庫県","28102","神戸市"
"兵庫県","28105","神戸市"
"兵庫県","28106","神戸市"
"兵庫県","28107","神戸市"
"兵庫県","28108","神戸市"
"兵庫県","28109","神戸市"
"兵庫県","28110","神戸市"
"兵庫県","28111","神戸市"
"兵庫県","28201","姫路市"
"兵庫県","28202","尼崎市"
"兵庫県","28203","あかし"
"兵庫県","28204","西宮市"
"兵庫県","28205","洲本"
"兵庫県","28206","芦屋"
"兵庫県","28207","伊丹"
"兵庫県","28208","赤穂"
"兵庫県","28209","豊岡"
"兵庫県","28210","加古川"
"兵庫県","28212","赤穂"
"兵庫県","28213","加東"
"兵庫県","28214","宝塚"
"兵庫県","28215","加東"
"兵庫県","28216","加古川"
"兵庫県","28217","伊丹"
"兵庫県","28218","加東"
"兵庫県","28219","宝塚"
"兵庫県","28220","加東"
"兵庫県","28221","丹波"
"兵庫県","28222","朝来"
"兵庫県","28223","丹波"
"兵庫県","28224","洲本"
"兵庫県","28225","朝来"
"兵庫県","28226","洲本"
"兵庫県","28227","龍野"
"兵庫県","28228","加東"
"兵庫県","28229","龍野"
"兵庫県","28301","伊丹"
"兵庫県","28365","加東"
"兵庫県","28381","加古川"
"兵庫県","28382","加古川"
"兵庫県","28442","福崎"
"兵庫県","28443","福崎"
"兵庫県","28446","福崎"
"兵庫県","28464","龍野"
"兵庫県","28481","赤穂"
"兵庫県","28501","龍野"
"兵庫県","28585","豊岡"
"兵庫県","28586","豊岡"
"奈良県","29201","奈良市"
"奈良県","29202","中和"
"奈良県","29203","郡山"
"奈良県","29204","郡山"
"奈良県","29205","中和"
"奈良県","29206","中和"
"奈良県","29207","吉野"
"奈良県","29208","中和"
"奈良県","29209","郡山"
"奈良県","29210","中和"
"奈良県","29211","中和"
"奈良県","29212","中和"
"奈良県","29322","郡山"
"奈良県","29342","郡山"
"奈良県","29343","郡山"
"奈良県","29344","郡山"
"奈良県","29345","郡山"
"奈良県","29361","中和"
"奈良県","29362","中和"
"奈良県","29363","中和"
"奈良県","29385","中和"
"奈良県","29386","中和"
"奈良県","29401","中和"
"奈良県","29402","中和"
"奈良県","29424","中和"
"奈良県","29425","中和"
"奈良県","29426","中和"
"奈良県","29427","中和"
"奈良県","29441","吉野"
"奈良県","29442","吉野"
"奈良県","29443","吉野"
"奈良県","29444","吉野"
"奈良県","29446","吉野"
"奈良県","29447","吉野"
"奈良県","29449","吉野"
"奈良県","29450","吉野"
"奈良県","29451","吉野"
"奈良県","29452","吉野"
"奈良県","29453","吉野"
"和歌山県","30201","和歌山市"
"和歌山県","30202","海南"
"和歌山県","30203","橋本"
"和歌山県","30204","湯浅"
"和歌山県","30205","御坊"
"和歌山県","30206","田辺"
"和歌山県","30207","新宮"
"和歌山県","30208","岩出"
"和歌山県","30209","岩出"
"和歌山県","30304","海南"
"和歌山県","30341","橋本"
"和歌山県","30343","橋本"
"和歌山県","30344","橋本"
"和歌山県","30361","湯浅"
"和歌山県","30362","湯浅"
"和歌山県","30366","湯浅"
"和歌山県","30381","御坊"
"和歌山県","30382","御坊"
"和歌山県","30383","御坊"
"和歌山県","30390","御坊"
"和歌山県","30391","田辺"
"和歌山県","30392","御坊"
"和歌山県","30401","田辺"
"和歌山県","30404","田辺"
"和歌山県","30406","田辺"
"和歌山県","30421","新宮"
"和歌山県","30422","新宮"
"和歌山県","30424","新宮"
"和歌山県","30427","串本"
"和歌山県","30428","串本"
"鳥取県","31201","鳥取市"
"鳥取県","31202","米子"
"鳥取県","31203","倉吉"
"鳥取県","31204","米子"
"鳥取県","31302","鳥取市"
"鳥取県","31325","鳥取市"
"鳥取県","31328","鳥取市"
"鳥取県","31329","鳥取市"
"鳥取県","31364","倉吉"
"鳥取県","31370","倉吉"
"鳥取県","31371","倉吉"
"鳥取県","31372","倉吉"
"鳥取県","31384","米子"
"鳥取県","31386","米子"
"鳥取県","31389","米子"
"鳥取県","31390","米子"
"鳥取県","31401","米子"
"鳥取県","31402","米子"
"鳥取県","31403","米子"
"島根県","32201","松江市・島根県共同設置松江（市）"
"島根県","32202","浜田"
"島根県","32203","出雲"
"島根県","32204","益田"
"島根県","32205","県央"
"島根県","32206","松江市・島根県共同設置松江（県）"
"島根県","32207","浜田"
"島根県","32209","雲南"
"島根県","32343","雲南"
"島根県","32386","雲南"
"島根県","32441","県央"
"島根県","32448","県央"
"島根県","32449","県央"
"島根県","32501","益田"
"島根県","32505","益田"
"島根県","32525","隠岐"
"島根県","32526","隠岐"
"島根県","32527","隠岐"
"島根県","32528","隠岐"
"岡山県","33101","岡山市"
"岡山県","33102","岡山市"
"岡山県","33103","岡山市"
"岡山県","33104","岡山市"
"岡山県","33202","倉敷市"
"岡山県","33203","美作"
"岡山県","33204","備前"
"岡山県","33205","備中"
"岡山県","33207","備中"
"岡山県","33208","備中"
"岡山県","33209","備北"
"岡山県","33210","備北"
"岡山県","33211","備前"
"岡山県","33212","備前"
"岡山県","33213","備前"
"岡山県","33214","真庭"
"岡山県","33215","美作"
"岡山県","33216","備中"
"岡山県","33346","備前"
"岡山県","33423","備中"
"岡山県","33445","備中"
"岡山県","33461","備中"
"岡山県","33586","真庭"
"岡山県","33606","美作"
"岡山県","33622","美作"
"岡山県","33623","美作"
"岡山県","33643","美作"
"岡山県","33663","美作"
"岡山県","33666","美作"
"岡山県","33681","備前"
"広島県","34101","広島市"
"広島県","34102","広島市"
"広島県","34103","広島市"
"広島県","34104","広島市"
"広島県","34105","広島市"
"広島県","34106","広島市"
"広島県","34107","広島市"
"広島県","34108","広島市"
"広島県","34202","呉市"
"広島県","34203","西部東"
"広島県","34204","東部"
"広島県","34205","東部"
"広島県","34207","福山市"
"広島県","34208","東部"
"広島県","34209","北部"
"広島県","34210","北部"
"広島県","34211","西部"
"広島県","34212","西部東"
"広島県","34213","西部"
"広島県","34214","西部"
"広島県","34215","西部"
"広島県","34302","西部"
"広島県","34304","西部"
"広島県","34307","西部"
"広島県","34309","西部"
"広島県","34368","西部"
"広島県","34369","西部"
"広島県","34431","西部東"
"広島県","34462","東部"
"広島県","34545","東部"
"山口県","35201","下関市"
"山口県","35202","宇部環境"
"山口県","35203","山口環境"
"山口県","35204","萩環境"
"山口県","35206","防府"
"山口県","35207","周南環境"
"山口県","35208","岩国環境"
"山口県","35210","周南環境"
"山口県","35211","長門環境"
"山口県","35212","柳井環境"
"山口県","35213","宇部環境"
"山口県","35215","周南環境"
"山口県","35216","宇部環境"
"山口県","35305","柳井環境"
"山口県","35321","岩国環境"
"山口県","35341","柳井環境"
"山口県","35343","柳井環境"
"山口県","35344","柳井環境"
"山口県","35502","萩環境"
"徳島県","36201","徳島"
"徳島県","36202","徳島"
"徳島県","36203","徳島"
"徳島県","36204","阿南"
"徳島県","36205","吉野川"
"徳島県","36206","吉野川"
"徳島県","36207","美馬"
"徳島県","36208","三好"
"徳島県","36301","徳島"
"徳島県","36302","徳島"
"徳島県","36321","徳島"
"徳島県","36341","徳島"
"徳島県","36342","徳島"
"徳島県","36368","阿南"
"徳島県","36383","美波"
"徳島県","36387","美波"
"徳島県","36388","美波"
"徳島県","36401","徳島"
"徳島県","36402","徳島"
"徳島県","36403","徳島"
"徳島県","36404","徳島"
"徳島県","36405","徳島"
"徳島県","36468","美馬"
"徳島県","36489","三好"
"香川県","37201","高松市"
"香川県","37202","中讃"
"香川県","37203","中讃"
"香川県","37204","中讃"
"香川県","37205","西讃"
"香川県","37206","東讃"
"香川県","37207","東讃"
"香川県","37208","西讃"
"香川県","37322","小豆"
"香川県","37324","小豆"
"香川県","37341","東讃"
"香川県","37364","東讃"
"香川県","37386","中讃"
"香川県","37387","中讃"
"香川県","37403","中讃"
"香川県","37404","中讃"
"香川県","37406","中讃"
"愛媛県","38201","松山市"
"愛媛県","38202","今治"
"愛媛県","38203","宇和島"
"愛媛県","38204","八幡浜"
"愛媛県","38205","西条"
"愛媛県","38206","西条"
"愛媛県","38207","八幡浜"
"愛媛県","38210","中予"
"愛媛県","38213","四国中央"
"愛媛県","38214","八幡浜"
"愛媛県","38215","中予"
"愛媛県","38356","今治"
"愛媛県","38386","中予"
"愛媛県","38401","中予"
"愛媛県","38402","中予"
"愛媛県","38422","八幡浜"
"愛媛県","38442","八幡浜"
"愛媛県","38484","宇和島"
"愛媛県","38488","宇和島"
"愛媛県","38506","宇和島"
"高知県","39201","高知市"
"高知県","39202","安芸"
"高知県","39203","安芸"
"高知県","39204","中央東"
"高知県","39205","中央西"
"高知県","39206","須崎"
"高知県","39208","幡多"
"高知県","39209","幡多"
"高知県","39210","幡多"
"高知県","39211","中央東"
"高知県","39212","中央東"
"高知県","39301","安芸"
"高知県","39302","安芸"
"高知県","39303","安芸"
"高知県","39304","安芸"
"高知県","39305","安芸"
"高知県","39306","安芸"
"高知県","39307","安芸"
"高知県","39341","中央東"
"高知県","39344","中央東"
"高知県","39363","中央東"
"高知県","39364","中央東"
"高知県","39386","中央西"
"高知県","39387","中央西"
"高知県","39401","須崎"
"高知県","39402","中央西"
"高知県","39403","中央西"
"高知県","39405","須崎"
"高知県","39410","中央西"
"高知県","39411","須崎"
"高知県","39412","須崎"
"高知県","39424","幡多"
"高知県","39427","幡多"
"高知県","39428","幡多"
"福岡県","40101","北九州市"
"福岡県","40103","北九州市"
"福岡県","40105","北九州市"
"福岡県","40106","北九州市"
"福岡県","40107","北九州市"
"福岡県","40108","北九州市"
"福岡県","40109","北九州市"
"福岡県","40131","福岡市"
"福岡県","40132","福岡市"
"福岡県","40133","福岡市"
"福岡県","40134","福岡市"
"福岡県","40135","福岡市"
"福岡県","40136","福岡市"
"福岡県","40137","福岡市"
"福岡県","40202","南筑後"
"福岡県","40203","久留米市"
"福岡県","40204","嘉穂・鞍手"
"福岡県","40205","嘉穂・鞍手"
"福岡県","40206","田川"
"福岡県","40207","南筑後"
"福岡県","40210","南筑後"
"福岡県","40211","南筑後"
"福岡県","40212","南筑後"
"福岡県","40213","京築"
"福岡県","40214","京築"
"福岡県","40215","宗像・遠賀"
"福岡県","40216","北筑後"
"福岡県","40217","筑紫"
"福岡県","40218","筑紫"
"福岡県","40219","筑紫"
"福岡県","40220","宗像・遠賀"
"福岡県","40221","筑紫"
"福岡県","40223","粕屋"
"福岡県","40224","宗像・遠賀"
"福岡県","40225","北筑後"
"福岡県","40226","嘉穂・鞍手"
"福岡県","40227","嘉穂・鞍手"
"福岡県","40228","北筑後"
"福岡県","40229","南筑後"
"福岡県","40230","糸島"
"福岡県","40231","筑紫"
"福岡県","40341","粕屋"
"福岡県","40342","粕屋"
"福岡県","40343","粕屋"
"福岡県","40344","粕屋"
"福岡県","40345","粕屋"
"福岡県","40348","粕屋"
"福岡県","40349","粕屋"
"福岡県","40381","宗像・遠賀"
"福岡県","40382","宗像・遠賀"
"福岡県","40383","宗像・遠賀"
"福岡県","40384","宗像・遠賀"
"福岡県","40401","嘉穂・鞍手"
"福岡県","40402","嘉穂・鞍手"
"福岡県","40421","嘉穂・鞍手"
"福岡県","40447","北筑後"
"福岡県","40448","北筑後"
"福岡県","40503","北筑後"
"福岡県","40522","南筑後"
"福岡県","40544","南筑後"
"福岡県","40601","田川"
"福岡県","40602","田川"
"福岡県","40604","田川"
"福岡県","40605","田川"
"福岡県","40608","田川"
"福岡県","40609","田川"
"福岡県","40610","田川"
"福岡県","40621","京築"
"福岡県","40625","京築"
"福岡県","40642","京築"
"福岡県","40646","京築"
"福岡県","40647","京築"
"佐賀県","41201","佐賀中部"
"佐賀県","41202","唐津"
"佐賀県","41203","鳥栖"
"佐賀県","41204","佐賀中部"
"佐賀県","41205","伊万里"
"佐賀県","41206","杵藤"
"佐賀県","41207","杵藤"
"佐賀県","41208","佐賀中部"
"佐賀県","41209","杵藤"
"佐賀県","41210","佐賀中部"
"佐賀県","41327","佐賀中部"
"佐賀県","41341","鳥栖"
"佐賀県","41345","鳥栖"
"佐賀県","41346","鳥栖"
"佐賀県","41387","唐津"
"佐賀県","41401","伊万里"
"佐賀県","41423","杵藤"
"佐賀県","41424","杵藤"
"佐賀県","41425","杵藤"
"佐賀県","41441","杵藤"
"長崎県","42201","長崎市"
"長崎県","42202","佐世保市"
"長崎県","42203","県南"
"長崎県","42204","県央"
"長崎県","42205","県央"
"長崎県","42207","県北"
"長崎県","42208","県北"
"長崎県","42209","対馬"
"長崎県","42210","壱岐"
"長崎県","42211","五島"
"長崎県","42212","西彼"
"長崎県","42213","県南"
"長崎県","42214","県南"
"長崎県","42307","西彼"
"長崎県","42308","西彼"
"長崎県","42321","県央"
"長崎県","42322","県央"
"長崎県","42323","県央"
"長崎県","42383","上五島"
"長崎県","42391","県北"
"長崎県","42411","上五島"
"熊本県","43101","熊本市"
"熊本県","43102","熊本市"
"熊本県","43103","熊本市"
"熊本県","43104","熊本市"
"熊本県","43105","熊本市"
"熊本県","43202","八代"
"熊本県","43203","人吉"
"熊本県","43204","有明"
"熊本県","43205","水俣"
"熊本県","43206","有明"
"熊本県","43208","山鹿"
"熊本県","43210","菊池"
"熊本県","43211","宇城"
"熊本県","43212","天草"
"熊本県","43213","宇城"
"熊本県","43214","阿蘇"
"熊本県","43215","天草"
"熊本県","43216","菊池"
"熊本県","43348","宇城"
"熊本県","43364","有明"
"熊本県","43367","有明"
"熊本県","43368","有明"
"熊本県","43369","有明"
"熊本県","43403","菊池"
"熊本県","43404","菊池"
"熊本県","43423","阿蘇"
"熊本県","43424","阿蘇"
"熊本県","43425","阿蘇"
"熊本県","43428","阿蘇"
"熊本県","43432","阿蘇"
"熊本県","43433","阿蘇"
"熊本県","43441","御船"
"熊本県","43442","御船"
"熊本県","43443","御船"
"熊本県","43444","御船"
"熊本県","43447","御船"
"熊本県","43468","八代"
"熊本県","43482","水俣"
"熊本県","43484","水俣"
"熊本県","43501","人吉"
"熊本県","43505","人吉"
"熊本県","43506","人吉"
"熊本県","43507","人吉"
"熊本県","43510","人吉"
"熊本県","43511","人吉"
"熊本県","43512","人吉"
"熊本県","43513","人吉"
"熊本県","43514","人吉"
"熊本県","43531","天草"
"大分県","44201","大分市"
"大分県","44202","東部"
"大分県","44203","北部"
"大分県","44204","西部"
"大分県","44205","南部"
"大分県","44206","中部"
"大分県","44207","中部"
"大分県","44208","豊肥"
"大分県","44209","北部"
"大分県","44210","東部"
"大分県","44211","北部"
"大分県","44212","豊肥"
"大分県","44213","中部"
"大分県","44214","東部"
"大分県","44322","東部"
"大分県","44341","東部"
"大分県","44461","西部"
"大分県","44462","西部"
"宮崎県","45201","宮崎市"
"宮崎県","45202","都城"
"宮崎県","45203","延岡"
"宮崎県","45204","日南"
"宮崎県","45205","小林"
"宮崎県","45206","日向"
"宮崎県","45207","日南"
"宮崎県","45208","高鍋"
"宮崎県","45209","小林"
"宮崎県","45341","都城"
"宮崎県","45361","小林"
"宮崎県","45382","中央"
"宮崎県","45383","中央"
"宮崎県","45401","高鍋"
"宮崎県","45402","高鍋"
"宮崎県","45403","高鍋"
"宮崎県","45404","高鍋"
"宮崎県","45405","高鍋"
"宮崎県","45406","高鍋"
"宮崎県","45421","日向"
"宮崎県","45429","日向"
"宮崎県","45430","日向"
"宮崎県","45431","日向"
"宮崎県","45441","高千穂"
"宮崎県","45442","高千穂"
"宮崎県","45443","高千穂"
"鹿児島県","46201","鹿児島市"
"鹿児島県","46203","鹿屋"
"鹿児島県","46204","加世田"
"鹿児島県","46206","出水"
"鹿児島県","46208","出水"
"鹿児島県","46210","指宿"
"鹿児島県","46213","西之表"
"鹿児島県","46214","鹿屋"
"鹿児島県","46215","川薩"
"鹿児島県","46216","伊集院"
"鹿児島県","46217","志布志"
"鹿児島県","46218","姶良"
"鹿児島県","46219","伊集院"
"鹿児島県","46220","加世田"
"鹿児島県","46221","志布志"
"鹿児島県","46222","名瀬"
"鹿児島県","46223","加世田"
"鹿児島県","46224","大口"
"鹿児島県","46225","姶良"
"鹿児島県","46303","伊集院"
"鹿児島県","46304","伊集院"
"鹿児島県","46392","川薩"
"鹿児島県","46404","出水"
"鹿児島県","46452","姶良"
"鹿児島県","46468","志布志"
"鹿児島県","46482","鹿屋"
"鹿児島県","46490","鹿屋"
"鹿児島県","46491","鹿屋"
"鹿児島県","46492","鹿屋"
"鹿児島県","46501","西之表"
"鹿児島県","46502","西之表"
"鹿児島県","46505","屋久島"
"鹿児島県","46523","名瀬"
"鹿児島県","46524","名瀬"
"鹿児島県","46525","名瀬"
"鹿児島県","46527","名瀬"
"鹿児島県","46529","名瀬"
"鹿児島県","46530","徳之島"
"鹿児島県","46531","徳之島"
"鹿児島県","46532","徳之島"
"鹿児島県","46533","徳之島"
"鹿児島県","46534","徳之島"
"鹿児島県","46535","徳之島"
"沖縄県","47201","那覇市"
"沖縄県","47205","中部"
"沖縄県","47207","八重山"
"沖縄県","47208","南　部"
"沖縄県","47209","北部"
"沖縄県","47210","南部"
"沖縄県","47211","中部"
"沖縄県","47212","南部"
"沖縄県","47213","中部"
"沖縄県","47214","宮古"
"沖縄県","47215","南部"
"沖縄県","47301","北部"
"沖縄県","47302","北部"
"沖縄県","47303","北部"
"沖縄県","47306","北部"
"沖縄県","47308","北部"
"沖縄県","47311","中部"
"沖縄県","47313","中部"
"沖縄県","47314","中部"
"沖縄県","47315","北部"
"沖縄県","47324","中部"
"沖縄県","47325","中部"
"沖縄県","47326","中部"
"沖縄県","47327","中部"
"沖縄県","47328","中部"
"沖縄県","47329","南部"
"沖縄県","47348","南部"
"沖縄県","47350","南部"
"沖縄県","47353","南部"
"沖縄県","47354","南部"
"沖縄県","47355","南部"
"沖縄県","47356","南部"
"沖縄県","47357","南部"
"沖縄県","47358","南部"
"沖縄県","47359","北部"
"沖縄県","47360","北部"
"沖縄県","47361","南部"
"沖縄県","47362","南部"
"沖縄県","47375","宮古"
"沖縄県","47381","八重山"
"沖縄県","47382","八重山"
