"key","action","value","reason","decided","title"
"12417e41254d727f","set_date","2026-10-10","自動：未来日付（判定なしのため実行日に修正）","2026-10-10 10:19","10月15日（木曜日）Ｍｍ PROJECT 郡山セミナー「心の健康をもっと支え合えるまちづくりセミナー」開催！【保健・感染症課】 [PDFファイル／848KB]"
"963fdf5f885aa5c2","scope_overseas","","WOAHの国際声明","2026-10-10 11:26","WOAH calls for stronger surveillance and preparedness as reported vector-borne disease events are on the rise"
"a7d218a56f81ab8b","scope_overseas","","米国HHSのワクチン論評","2026-10-10 11:26","Viewpoint: When trust is gone, show your work"
"4f85f0c58c632987","scope_overseas","","米国HHSの施策","2026-10-10 11:26","HHS launches new major vaccine injury initiative"
"4c58363351b00e53","scope_overseas","","米国小児科学会の声明","2026-10-10 11:26","Raw milk poses serious infection risks with no added health benefits, pediatrician group warns"
"bc0e7d0f9be4c7c5","scope_overseas","","ロシアのペスト疑い","2026-10-10 11:26","露ペスト研究所職員が「肺炎」で死亡 日本総領事館が注意喚起 10/8 21:33"
"d906cd8c72ea3c50","scope_overseas","","WHOアフリカ報告書","2026-10-10 11:26","Health Emergency Intelligence and Surveillance - Quarter three report 2026"
"19f4dff2d5752a71","scope_overseas","","米国の麻しん記事","2026-10-10 11:26","Measles can cast a long shadow, even after an apparent full recovery"
"32d533bb9880422c","scope_overseas","","海外ブログ・海外研究","2026-10-10 11:26","Referral Preprint: The mammalian-adaptive PB2-E627K substitution preserves viral fitness of clade 2.3.4.4b H5N1 HPAIV in birds."
"c05f64ca604ccba9","scope_overseas","","バングラデシュのデング熱","2026-10-10 11:26","バングラデシュでデング熱が流行拡大…ワクチン臨床試験を検討 | ニューズウィーク日本版 オフィシャルサイト - ニューズウィーク日本版"
"f7e61edd7fdc45e9","exclude","","検査サービスの宣伝記事","2026-10-10 11:26","デング熱NS1抗原陽性：意味と検査時期 - Kantesti AI Blood Test Analyzer"
"7cc210a031e87292","exclude","","美容液の偽物販売事件","2026-10-10 11:26","韓国で流行の“小顔”美容液「レモンボトル」のニセモノを販売目的で所持か 男女3人を逮捕 インターネットなどで正規品の半分の値段で販売 愛知県警(CBCテレビ)"
"1d339912771943fb","scope_overseas","","NY州の麻しん","2026-10-10 11:26","ＮＹ州、はしかで非常事態宣言 25年の感染急増後で全米初 - ニューズウィーク日本版"
"f4527d1ca23e7ca7","scope_overseas","","米国の麻しん記事","2026-10-10 11:26","Measles outbreaks could leave thousands vulnerable to infectious diseases for years"
"fca2cd28fce22f99","exclude","","職員採用（求人）","2026-10-10 11:26","令和8年度名古屋市職員《公衆衛生医師》採用選考合格者"
"568a8de22b104e07","exclude","","職員採用（求人）","2026-10-10 11:26","奈良県職員採用選考試験（公衆衛生医師）"
"62a43d3563d8cc64","exclude","","フィジーの薬物盗難事件","2026-10-10 11:26","4 9/30(水) 14:48 証拠品保管倉庫からコカイン39キロ盗まれる、小麦粉にすり替え フィジー"
"a437670510c1fd96","scope_overseas","","WHOサントメ・プリンシペ報告","2026-10-10 11:26","WHO São Tomé and Principe Biennial Report 2024–2025"
"7bb35134abf34780","scope_overseas","","ベトナムの記事","2026-10-10 11:26","VNVCは、全国の子供たちに安全な手足口病ワクチンを約2万5000回分接種することを目指しています。 - Vietnam.vn"
"5e7ecf38bb3763f1","exclude","","731部隊の歴史講演","2026-10-10 11:26","「戦争は人の命に序列つける」 731部隊元隊員の証言を解説 同僚の中山さん、山武で講演"
"06370bd93c9eb6c3","scope_overseas","","海外ブログ・海外研究","2026-10-10 11:26","PLoS One: Occurrence of influenza antivirals and resistance development in influenza A viruses in aquatic environments: A risk assessment"
"33ed703dfe37ef2e","scope_overseas","","米国の鳥インフル","2026-10-10 11:26","H5N1’s Summer Lull: Getting Shorter?"
"0910173e5a7f3e2a","scope_overseas","","フロリダのデング熱","2026-10-10 11:26","デング熱の流行が約100年ぶりの規模に…媒介する蚊がフロリダで集中的に増えた理由とは - ニューズウィーク日本版"
"969cdec9303fd3a2","scope_overseas","","WHOサントメ・プリンシペ報告","2026-10-10 11:26","WHO Biennial Report 2024-2025 in São Tomé and Príncipe"
"63cc9f6b9032cb01","scope_overseas","","海外研究（CIDRAP）","2026-10-10 11:26","Fractured ecosystems, climate change raise risk of zoonotic, vector-borne disease outbreaks, study finds"
"cb7b221d16ae253c","scope_overseas","","米国の鳥インフル","2026-10-10 11:26","H5N1 avian flu activity picking up in Minnesota as study notes virus in polar bears"
"ff76e5785aed529d","scope_overseas","","海外研究（CIDRAP）","2026-10-10 11:26","Fractured ecosystems, climate change raise risk of zoonotic, vector-borne disease outbreaks, study finds"
"66857c0857f9a008","scope_overseas","","海外研究（CIDRAP）","2026-10-10 11:26","Fractured ecosystems, climate change raise risk of zoonotic, vector-borne disease outbreaks, study finds"
"35c2073dfc853925","scope_overseas","","海外研究（CIDRAP）","2026-10-10 11:26","Fractured ecosystems, climate change raise risk of zoonotic, vector-borne disease outbreaks, study finds"
"a7e9487f37c2cb33","scope_overseas","","フィリピンのレプトスピラ症","2026-10-10 11:26","【ショート動画】水没した教会で結婚式 SNSでは感染症を懸念する声 NEWSポストセブン"
"7a415debf8b7a374","scope_overseas","","米国の調査","2026-10-10 11:26","Most older US adults would be interested in a dementia vaccine, survey finds"
"1004a1676fd792da","scope_overseas","","米国の公衆衛生","2026-10-10 11:26","Local, state public health officials overwhelmingly faced serious backlash during pandemic, report reveals"
"22dae73589aa9858","scope_overseas","","米国の麻しん","2026-10-10 11:26","CIDRAP Op-Ed: Measles is a grown-up problem, too. Are you at risk?"
"5aeac04b77d41803","scope_overseas","","米国の麻しん","2026-10-10 11:26","‘It’s a huge concern’: Families of kids with complex medical needs worry about frequent measles outbreaks"
"9212a39460a7e25c","scope_overseas","","米国の麻しん","2026-10-10 11:26","‘It’s a huge concern’: Families of kids with complex medical needs worry about frequent measles outbreaks"
"d0425a3378ec18fb","exclude","","自閉症研究（感染症と無関係）","2026-10-10 11:26","Study uncovers no evidence of autism epidemic, despite claims"
"58d92230fe237f0a","scope_overseas","","海外ブログ・海外研究","2026-10-10 11:26","Preprint: Near real-time data on the human neutralizing antibody landscape to influenza virus in summer of 2026 shows antigenic advance of H3N2 subclade K region D mutants and H1N1 D.3.1.1 Sa mutants"
"f7723476df09520a","scope_overseas","","米国ワクチン政策","2026-10-10 11:26","Four measles deaths, a looming policy comment deadline, and how to read a study: The State of US Vaccine Policy"
"8f6558905fa7a830","scope_overseas","","海外の速報まとめ","2026-10-10 11:26","Quick takes: Cautious optimism on Ebola, rare New World screwworm in a horse, HIV alert in Fiji"
"6bd0dc62aaca7514","scope_overseas","","海外の速報まとめ","2026-10-10 11:26","Quick takes: Cautious optimism on Ebola, rare New World screwworm in a horse, HIV alert in Fiji"
"3651e0117dd2910d","scope_overseas","","米国ワクチン政策","2026-10-10 11:26","Four measles deaths, a looming policy comment deadline, and how to read a study: The State of US Vaccine Policy"
"166045cb7bfaa988","scope_overseas","","米国のPPE報告","2026-10-10 11:26","US program sped delivery of 1.2 billion personal protective equipment items during pandemic, report says"
"9b7656e57e74d4d0","scope_overseas","","海外ブログ・海外研究","2026-10-10 11:26","EID Journal: Experimental Highly Pathogenic Avian Influenza A(H5N1) Clade 2.3.4.4b Virus Infection in Alpacas, 2026"
"d5463bef16c72e2d","scope_overseas","","フィジーのHIV","2026-10-10 11:26","2026年 9/17(木) 15:26 フィジー、HIV危機を宣言 性行為と違法薬物の回し打ちで成人の60人に1人が感染"
"3b51f2b2c68846eb","scope_overseas","","バンコクのデング熱","2026-10-10 11:26","バンコクで2026年のデング熱患者2,005人、4人死亡 働く世代で感染目立つ - タイランドハイパーリンクス"
"9d21d83cf19fbb72","exclude","","ゲームショーの記事","2026-10-10 11:26","A look back at 30 years of Tokyo Game Show"
"5131ed75434d4df8","scope_overseas","","米国の速報まとめ","2026-10-10 11:26","Quick takes: More sprouts recalled in Salmonella outbreak, Cyclospora slows, Klomp touts MMR shot in hearing"
"9ca7d26c76169aac","scope_overseas","","米国公衆衛生","2026-10-10 11:26","At Senate hearing, US surgeon general nominee says she believes vaccines are safe"
"e14b8bebd13f8a0d","scope_overseas","","米国公衆衛生","2026-10-10 11:26","At Senate hearing, US surgeon general nominee says she believes vaccines are safe"
"7fd8647c34cb1a79","scope_overseas","","米国ワクチン政策","2026-10-10 11:26","CIDRAP Op-Ed: HHS is asking what to call vaccine recommendations. You have 4 days to weigh in."
"002d555815b92aed","scope_overseas","","米国の速報まとめ","2026-10-10 11:26","Quick takes: More sprouts recalled in Salmonella outbreak, Cyclospora slows, Klomp touts MMR shot in hearing"
"c17d4a5b4fbe3aff","scope_overseas","","フィジーのHIV","2026-10-10 11:26","フィジー、HIV感染拡大で国家非常事態宣言 成人60人に1人が感染"
"f2a51d1e119129cd","scope_overseas","","WHOアフリカ報告","2026-10-10 11:26","Electronic Surveillance Monthly Bulletin (August 2026)"
"ae98bae7998e8e3c","scope_overseas","","米国の麻しん死亡","2026-10-10 11:26","Pennsylvania woman dies of measles complications, the state's third such fatality this year"
"db424621be65854b","scope_overseas","","米国の麻しん死亡","2026-10-10 11:26","Pennsylvania woman dies of measles complications, the state's third such fatality this year"
"0f883c3924d466f5","scope_overseas","","米国の速報まとめ","2026-10-10 11:26","Quick takes: Cyclospora outbreak over, possible dengue death in Florida, US rabies alert, new polio cases"
"6a860e4e26f8fdb8","scope_overseas","","米国の速報まとめ","2026-10-10 11:26","Quick takes: Cyclospora outbreak over, possible dengue death in Florida, US rabies alert, new polio cases"
"54178eec3a9b4bca","scope_overseas","","米国の速報まとめ","2026-10-10 11:26","Quick takes: Cyclospora outbreak over, possible dengue death in Florida, US rabies alert, new polio cases"
"ef1d5bfbd81f94fd","scope_overseas","","米国のレジオネラ研究","2026-10-10 11:26","Study highlights role of climate in rising US incidence of legionellosis"
"6754ef123fce07df","scope_overseas","","米国のレジオネラ研究","2026-10-10 11:26","Study highlights role of climate in rising US incidence of legionellosis"
"076f0b2b5b08d4f3","scope_overseas","","米国最高裁とワクチン","2026-10-10 11:26","As SCOTUS rejects emergency appeal for religious exemption to vaccines, thorny First Amendment issues persist"
"42a0d4792ca90937","scope_overseas","","KBS 韓国のインフル注意報","2026-10-10 11:26","インフルエンザ異例の早期流行 流行注意報を発令"
"7b6ccbecb826d20d","exclude","","労災認定（感染症と無関係）","2026-10-10 11:26","米軍岩国基地で勤務の男性、パワハラや退職強要など「表に出にくい基地内の出来事」による労災認定"
"bdbc4ec677d99b09","scope_overseas","","KBS 韓国の日本脳炎","2026-10-10 11:26","ことし初の日本脳炎患者を確認 当局が蚊に注意呼びかけ"
"8c66d15eccfc663d","scope_overseas","","海外研究（CIDRAP）","2026-10-10 11:26","Flushing the toilet may release germ plume at adult face height"
"f9cb782d63a32c8e","scope_overseas","","米国の麻しん","2026-10-10 11:26","Pediatrics group publishes FAQ on congenital measles"
"fbbeafffc7b8fd28","exclude","","労災認定（感染症と無関係）","2026-10-10 11:26","米軍基地業務で労災認定 米軍岩国基地（山口県岩国市）内で設備メンテナンスに従事していた５０代の日本人男性が精神疾患を発症したのは、勤めていた米国系企業... 12:24"
"a22c0336cc84d526","scope_overseas","","米国の速報まとめ","2026-10-10 11:26","Quick takes: Dengue rise in Florida, South Dakota anthrax detection, drop in foreign food inspections"
"e33ebafd52be796f","scope_overseas","","米国の速報まとめ","2026-10-10 11:26","Quick takes: Dengue rise in Florida, South Dakota anthrax detection, drop in foreign food inspections"
"e9f5341216887177","scope_overseas","","海外研究（CIDRAP）","2026-10-10 11:26","Bacteria in classroom dust may contribute to slightly lower lung function in kids"
"c203a7c5c076b6f7","exclude","","スポーツ記事","2026-10-10 11:26","Rybakina thumps Osaka to reach U.S. Open quarters"
"8ef8ea15e7dfbc61","exclude","","南極の料理人の記事","2026-10-10 11:26","The joys and challenges of running an Antarctic kitchen"
"71b0b63b40d80896","scope_overseas","","WOAHの国際会議","2026-10-10 11:26","One Health implementation: WOAH at World One Health Congress "
"0ef2cb6e2c8e2567","scope_overseas","","米国の麻しん","2026-10-10 11:26","Lancaster County coroner says measles caused second infant death as US cases soar past 3,100"
"05d4352a4fc01179","scope_overseas","","海外ブログ・海外研究","2026-10-10 11:26","Seasonal Flu Signals From New Zealand, Australia & Japan"
"17a4b9f0463dd91a","scope_overseas","","WHOサントメ・プリンシペ報告","2026-10-10 11:26","WHO São Tomé and Príncipe Newsletter for the 2nd Quarter - April to June 2026"
"1214a9f179af3664","exclude","","ばれいしょ植物検疫（感染症と無関係）","2026-10-10 11:26","米国産一般流通用生鮮ばれいしょの検疫協議の進捗状況に係るWEB説明会が開催されます"
"21cfb1cab2aacf17","exclude","","防衛・政治記事","2026-10-10 11:26","Japan defense chief dismisses idea of recruiting foreign nationals for SDF"
"e2678b5a584ec093","scope_overseas","","米国の麻しん","2026-10-10 11:26","Lancaster County coroner confirms that second measles death also involves a child"
"947ddb92d49bb6ea","scope_overseas","","米国の麻しん論評","2026-10-10 11:26","CIDRAP Op-Ed: ‘Died with, not from’ was a real COVID problem. It’s the wrong framework for measles."
"f9db4b4ed75116a0","scope_overseas","","米国の調査","2026-10-10 11:26","Pediatricians experiencing less burnout than during COVID pandemic peak, survey shows"
"faf71ba4631df454","scope_overseas","","海外ブログ・海外研究","2026-10-10 11:26","J. Raptor Research: Rapid Decline of Nesting Peregrine Falcons in the San Francisco Bay Region of California Synchronous with an Outbreak of H5N1 HPAI"
"45d760f6dc1d981a","exclude","","イグ・ノーベル賞の話題","2026-10-10 11:26","「役に立つか分からないを全力でやる面白さ」生中継の担当者に聞くイグ・ノーベル賞の魅力"
"8b566c5ef414b145","exclude","","ばれいしょ輸入（感染症と無関係）","2026-10-10 11:26","Japan proceeds toward full lifting of ban on imports of fresh potatoes from U.S."
"83fa2fd878d6321b","scope_overseas","","海外研究（CIDRAP）","2026-10-10 11:26","Monoclonal antibody shows promise against dengue viremia, fever in phase 2 trial"
"a8d27b6d629fb5d0","exclude","","言語文化の記事","2026-10-10 11:26","In Japan, sometimes the person who can’t read the air is exactly who you need"
"a3492692c2cb9009","scope_overseas","","米国の麻しん論評","2026-10-10 11:26","CIDRAP Op-Ed: How we can hear ‘high risk’ for measles and write it off"
"a826448a76556f76","scope_overseas","","英国のHPVワクチン研究","2026-10-10 11:26","「子宮頸がんの死者ゼロ」は可能、ワクチンが予想以上の実績 「効果は絶大」と専門家(ナショナル ジオグラフィック日本版)"
"87ffcdef1944404b","exclude","","検察の事件記事","2026-10-10 11:26","Ex-prosecutor who accused boss of rape urges reform"
"545adf83d7cdc49f","scope_overseas","","インドネシアの結核","2026-10-10 11:26","結核患者が多いインドネシア 日本の技術やスマホで早めの発見と治療 - 朝日新聞"
"76cc49397e4b237f","scope_overseas","","インドネシアの結核","2026-10-10 11:26","結核患者が多いインドネシア 日本の技術やスマホで早めの発見と治療 - asahi.com"
"7017a0fdc7766daf","scope_overseas","","海外研究（CIDRAP）","2026-10-10 11:26","Murky waters: Freshwater swimming tied to higher risk of skin rashes and stomach trouble"
"b0e85a8ca29b248d","exclude","","原子力・安全保障の論評","2026-10-10 11:26","Japan’s next security challenge: Who builds Asia’s nuclear reactors"
"e05c3ec8de8e878c","scope_overseas","","海外ブログ・海外研究","2026-10-10 11:26","mBio: Pre-existing Systemic and Nasal Antibodies Against Avian H5 Influenza A Viruses Vary According to Childhood Imprinting"
"80d1b6f97f215dec","scope_overseas","","ベトナムの記事","2026-10-10 11:26","日本脳炎と夏季デング熱の早期発見。 - Vietnam.vn"
"c836cfd1479c2a5b","exclude","","窃盗事件","2026-10-10 11:26","Two arrested over luxury watch smash-and-grab in Tokyo"
"1f01d934f1e7d120","scope_overseas","","台湾CDC（高雄のデング熱）","2026-10-10 11:26","高雄市新增3例本土登革熱病例，請民眾落實「巡、倒、清、刷」，出現疑似症狀儘速就醫"
"3648f11e8e87a3be","scope_overseas","","フロリダのワクチン政策","2026-10-10 11:26","Florida’s Department of Health removes 4 vaccines from required list for public schools"
"fb36d54ded92b491","scope_overseas","","ウガンダ保健省","2026-10-10 11:26","Ministry of Health Reviews User Experience with AI-Enabled Febrile Surveillance for VHTs."
"34c438ce92c718bb","exclude","","芸能人の出産の話題","2026-10-10 11:26","第3子妊娠中の舟山久美子 移住先シンガポールでの出産控え驚き 日本との違いに「大丈夫なのかなと」 8/26 18:56"
"d7f73e7d1cf6b01a","exclude","","スポーツ記事","2026-10-10 11:26","North Korea to ‘bring joy’ to Kim with 100 athletes at Asian Games in Japan"
"8f28c897de206e68","scope_overseas","","米国ワクチン論評","2026-10-10 11:26","CIDRAP Op-Ed: What a package insert actually says, and how it was turned against vaccines"
"189b58f9262d2a24","scope_overseas","","米国の麻しん","2026-10-10 11:26","米で今年初のはしか死者、感染30年超ぶり高水準 - ロイター"
"6be4748ddfa76c5c","scope_overseas","","米国の速報まとめ","2026-10-10 11:26","Quick takes: Sprout recall, local dengue in Florida, variant H1N2 flu in Michigan, new NICHD director"
"210eee7aa60f8962","scope_overseas","","米国の速報まとめ","2026-10-10 11:26","Quick takes: Sprout recall, local dengue in Florida, variant H1N2 flu in Michigan, new NICHD director"
"f3e9af91642e515d","scope_overseas","","米国の速報まとめ","2026-10-10 11:26","Quick takes: Sprout recall, local dengue in Florida, variant H1N2 flu in Michigan, new NICHD director"
"3f9abdea6dbfa403","scope_overseas","","米国ワクチン政策","2026-10-10 11:26","Catholic bishops tell Florida AG there's no theological reason for school vaccine exemptions"
"c0dcdb794049392d","scope_overseas","","海外ブログ・海外研究","2026-10-10 11:26","Conservation Bio: Emerging threat of avian influenza to the world's vultures"
"616a38498cea0a0c","scope_overseas","","コンゴのエボラ（社説）","2026-10-10 11:26","5 〈社説〉エボラの猛威 対策を総動員して防疫を"
"df30f66ac96e7ec2","scope_overseas","","米国の速報まとめ","2026-10-10 11:26","Quick takes: More vaccine executive order pushback, Cyclospora increase, polio in 5 nations"
"7c6f8c874a19316a","exclude","","航空便再開の記事","2026-10-10 11:26","台湾定期便、６年半ぶり再開 富山県〔地域〕"
"b993b9d2d489037d","scope_overseas","","米国のフォーラーネグレリア","2026-10-10 11:26","Louisiana confirms Naegleria fowleri brain infection in resident who swam in Lake Claiborne"
"6fc42bd4376e90f9","scope_overseas","","米国の麻しん","2026-10-10 11:26","Each measles case in 2025 US outbreak cost almost $60,000, study estimates, or $134 million total"
"02fce85dc6c5fe04","scope_overseas","","WHOアフリカ報告","2026-10-10 11:26","Electronic Surveillance monthlly bulletin (July 2026)."
"a4bdade7bde61cd6","scope_overseas","","米国ワクチン論評","2026-10-10 11:26","CIDRAP Op-Ed: No, 3 vaccines are not better than 1 when it comes to MMR"
"063963a049f70b91","scope_overseas","","WHO人事","2026-10-10 11:26","Jeremy Farrar to step down from World Health Organization"
"2b745c90115c103a","scope_overseas","","台湾CDC","2026-10-10 11:26","國內新冠疫情仍處流行期 提醒各級學校於開學前妥為整備 加強自主防疫觀念宣導"
"3f2015e1c5a39f86","scope_overseas","","コンゴのエボラ","2026-10-10 11:26","コンゴで流行のエボラ熱「ほぼ満床…患者が全然減らない」 日本人職員が逼迫した状況訴え"
"17fe044aa1f7cf38","scope_overseas","","米国の接種率","2026-10-10 11:26","米幼稚園児のワクチン接種率、前年比低下続く はしか感染拡大懸念も - ロイター"
"8ccc939c4a8637d7","exclude","","平和教育の記事","2026-10-10 11:26","Minecraft workshops build understanding of cityscapes before atomic bombings"
"87b29579f49c8f2e","scope_overseas","","米国の麻しん研究","2026-10-10 11:26","Although it’s uncommon, vaccinated people can spread measles, study finds"
"c28be49ec62f74c4","scope_overseas","","米国の麻しん","2026-10-10 11:26","The threat of more, expanded measles outbreaks looms with start of school"
"e6f174ed8a6a539c","scope_overseas","","米国の麻しん","2026-10-10 11:26","米はしか感染、今年は35年ぶり高水準 ワクチン未接種・不明9割 - ロイター"
"edd98d1af6a197e3","scope_overseas","","米国の麻しん","2026-10-10 11:26","米はしか感染、今年は35年ぶり高水準 ワクチン未接種・不明9割 - ニューズウィーク日本版"
"6d39344fbc7afc64","scope_overseas","","コンゴのエボラ","2026-10-10 11:26","エボラ熱「患者減らない」 派遣の日本人職員逼迫訴え"
"914dc5b3379133b2","scope_overseas","","米国の豚インフル","2026-10-10 11:26","Michigan DOH Confirms H1N2v (swine flu) in Fair Exhibitor"
"10c61e78fa4ee4ec","scope_overseas","","国際機関のワンヘルス計画","2026-10-10 11:26","Quadripartite collaboration extends the One Health Joint Plan of Action to 2029"
"97dea7d8948a0514","scope_overseas","","米国の麻しん","2026-10-10 11:26","With 101 new cases, US measles total tops 2,500"
"a26581cbadb196e6","exclude","","観光統計","2026-10-10 11:26","Overnight stays by foreign guests exceed prepandemic levels in 39 prefectures"
"affe4146e7bb3b13","exclude","","戦争体験の記事","2026-10-10 11:26","83-year-old VTuber posts wartime stories of Manchuria"
"a879fea7c475024f","scope_overseas","","インドネシアの結核","2026-10-10 11:26","日本の技術で結核を早期発見 インドネシアも活用の携帯型X線装置｜with Planet - asahi.com"
"daeb68170f6eafe6","scope_overseas","","インドネシアの結核","2026-10-10 11:26","日本の技術で結核を早期発見 インドネシアも活用の携帯型X線装置｜with Planet - 朝日新聞"
"92001650493af26c","scope_overseas","","米国ワクチン政策","2026-10-10 11:26","Organizations hit back at Trump’s call to reduce childhood vaccines"
"06931fa12a7d08b0","exclude","","珪肺症（感染症と無関係）","2026-10-10 11:26","Public Health Alerts: Silicosis among workers fabricating engineered stone (‘quartz’) countertops in California, 2019-2026"
"76aa2c4dc5883992","exclude","","珪肺症（感染症と無関係）","2026-10-10 11:26","Public Health Alerts: Silicosis among workers fabricating engineered stone (‘quartz’) countertops in California, 2019-2026"
"eb104abc891e9372","scope_overseas","","米国ワクチン政策","2026-10-10 11:26","トランプ大統領、米小児ワクチンを11種類の疾病に縮小…医療界は感染拡散を警告 - 中央日報"
"6e0c1884a62357d9","scope_overseas","","フロリダのビブリオ","2026-10-10 11:26","Florida records its second flesh-eating bacteria death this year"
"163aa5092c48425b","scope_overseas","","米国ワクチン論評","2026-10-10 11:26","CIDRAP Op-Ed: What the vaccine executive order gets wrong, and what it will cost us"
"aa61c725a0e33de5","scope_overseas","","海外ブログ・海外研究","2026-10-10 11:26","Virology: Acquisition of specific human respiratory tract binding by 2.3.4.4b H5N1 hemagglutinins requires multiple mutations"
"e464ff719e3be926","scope_overseas","","海外ブログ・海外研究","2026-10-10 11:26","JAMA Peds: Effectiveness of Oseltamivir in Hospitalized Children With Laboratory-Confirmed Influenza, 2014-2023"
"0c495be72ef640b0","exclude","","大腸がん研究（感染症と無関係）","2026-10-10 11:26","Gut bacteria may be behind many of Japan’s colorectal cancer cases"
"3284e4affdd02907","scope_overseas","","コンゴのエボラ","2026-10-10 11:26","WHO: Ebola outbreak began in February, deaths near 2,000"
"5ecae5689ecdd598","scope_overseas","","コンゴのエボラ","2026-10-10 11:26","WHO: Ebola outbreak began in February, deaths near 2,000"
"dcfbb30beada1910","scope_overseas","","米国ワクチン政策","2026-10-10 11:26","Trump signs executive order to break up measles, mumps, rubella vaccine"
"69365f4bca50afab","scope_overseas","","米国GAO報告","2026-10-10 11:26","GAO to HHS: Work with other agencies to strengthen US ability to detect emerging diseases"
"407e0106b8e3d4a6","scope_overseas","","米国ワクチン論評","2026-10-10 11:26","COMMENTARY: It’s time to fix vaccine injury compensation"
"158b6fbdafe77721","exclude","","求人","2026-10-10 11:26","Vacancy:   Public Health Support Officer – Disease Control  (Data Management Assistant) G7"
"249262b5a1ca1c97","scope_overseas","","台湾CDC","2026-10-10 11:26","國內新冠疫情上升且處流行期 呼籲尚未接種疫苗的民眾儘快接種 並落實勤洗手、戴口罩等自我防護措施"
"b467049381f8650b","scope_overseas","","海外研究（CIDRAP）","2026-10-10 11:26","Universal screening could find more babies born with cytomegalovirus infection, researchers say"
"5c4d367f06f74c2d","scope_overseas","","米国の論評","2026-10-10 11:26","COMMENTARY: The pandemic debate the US isn't having"
"62065ea60c3b2add","scope_overseas","","米国の研究","2026-10-10 11:26","No link between MMR vaccination before age 2 and autism, large US study suggests"
"a7b6b584a187b561","exclude","","経済記事","2026-10-10 11:26","Blue Owl hires ex-Barclays banker as Japan business co-head"
"a0cc05d0f61b47a8","exclude","","歴史・風俗記事","2026-10-10 11:26","「現在は人身売買の温床に…」沖縄で続いた「妻公認の女遊び」のその後(文春オンライン)"
"a48507d12df213fb","exclude","","ペット同伴避難の記事","2026-10-10 11:26","Dogs allowed! Animal hospital opens doors to Japan quake survivors and their pets"
"18084abefa6c9c9b","scope_overseas","","米国の速報まとめ","2026-10-10 11:26","Quick takes: Plea for PAHO support, another death in NYC Legionnaires outbreak, frozen blueberry recall"
"87e9260d085c8cb5","scope_overseas","","米国の速報まとめ","2026-10-10 11:26","Quick takes: Plea for PAHO support, another death in NYC Legionnaires outbreak, frozen blueberry recall"
"835c5384a8e5decf","scope_overseas","","米国の論評","2026-10-10 11:26","COVID is still here. Is the pandemic?"
"a9cf617c49437734","exclude","","入管計画（感染症と無関係）","2026-10-10 11:26","外国人の社会適応を促進 入管計画７年ぶり策定"
"3038a9b071e21d0b","exclude","","政治記事","2026-10-10 11:26","Japan launches National Intelligence Bureau in bid to streamline intelligence"
"30d20d80b1793f22","scope_overseas","","VIETJO ベトナムの記事","2026-10-10 11:26","新型コロナ感染が急増、旅行シーズンの人流活発化や密閉空間が要因［社会］ - VIETJOベトナムニュース"
"51ad5ae0946715f3","scope_overseas","","VIETJO ベトナムの記事","2026-10-10 11:26","新型コロナ感染が急増、旅行シーズンの人流活発化や密閉空間が要因［社会］ - VIETJO"
"dde65b4b1cd4aa4f","scope_overseas","","米国のサイクロスポラ","2026-10-10 11:26","A difficult-to-trace parasite, messaging missteps contribute to summer of overwhelming Cyclospora outbreaks"
"a501f2f05ff6bfe7","scope_overseas","","台湾CDC","2026-10-10 11:26","國內出現今年首例日本腦炎死亡病例 籲請民眾提高警覺 加強防蚊及預防接種"
"b476d5796cd33c41","exclude","","ストーカー対策の記事","2026-10-10 11:26","Japan weighing GPS tracking for ‘high risk’ stalkers"
"301ec0fed40b514c","scope_overseas","","米国のサルモネラ","2026-10-10 11:26","Egg-related Salmonella outbreak sickens nearly 100 in 17 US states"
"5f2a85d62d942c00","scope_overseas","","米国の論評","2026-10-10 11:26","CIDRAP Op-Ed: The Cyclospora outbreak was, and still is, a communications failure"
"e53cb817ff750e17","scope_overseas","","海外のワクチン治験","2026-10-10 11:26","First volunteer vaccinated in Ebola vaccine trial"
"ea281d5553b85412","scope_overseas","","米国の調査","2026-10-10 11:26","More US parents advocate for vaccination than discourage it, survey finds"
"890d66a4d9801939","exclude","","平和プログラム","2026-10-10 11:26","Hiroshima-ICAN Academy"
"c208f14baa383fbf","exclude","","魚のがん（人の健康危機と無関係）","2026-10-10 11:26","魚類初となる「伝染するがん」発見、北米の湖でナマズに感染拡大中(Forbes JAPAN)"
"a5ae7db52b1e6828","scope_overseas","","海外研究（CIDRAP）","2026-10-10 11:26","Climate change is driving dengue spread in low- and middle-income countries, study finds"
"fd0cd15d5457ab75","scope_overseas","","NYのレジオネラ","2026-10-10 11:26","New York City officials announce another death from Legionnaires’ disease"
"c4e6d06c60b04ea2","scope_overseas","","米国の麻しん","2026-10-10 11:26","Measles cases reach 35-year high in US"
"db9d7e1d2ad787f8","exclude","","企業PR","2026-10-10 11:26","スリランカ政府機関が評価、日本のオゾン除菌脱臭技術 コロンボ市救急車全11台に「AIR BUSTER(エアバスター)」を導入"
"ae9bf32c04726740","scope_overseas","","コンゴのエボラ解説","2026-10-10 11:26","DRCのエボラ出血熱、現状や日本への影響は（太田雅之／JIHS国立感染症研究所主任研究員）(Science Portal)"
"d54a7a50abb05b0c","scope_overseas","","台湾CDC","2026-10-10 11:26","國內腸病毒疫情升溫 暑假期間參加夏令營及各類暑期旅遊活動 應落實個人及孩童衛生 並呼籲家長留意孩童健康情形"
"40da2586b159d093","scope_overseas","","台湾CDC","2026-10-10 11:26","上週新增3例日本腦炎病例 正值流行高峰 請民眾落實防蚊及預防接種"
"340716f4bd0a3abd","scope_overseas","","米国のサイクロスポラ","2026-10-10 11:26","タコベルだけではない客足減少、寄生虫感染症の拡大でレタス使用のチェーン店に影響 米"
"405837d072143921","exclude","","アルツハイマー研究（感染症と無関係）","2026-10-10 11:26","Japan scientists identify clusters of protein believed to trigger Alzheimer’s disease"
"1c278dc73fd8ee76","scope_overseas","","NYのレジオネラ","2026-10-10 11:26","3 people die from Legionella infections in NYC outbreak"
"125452b95d4ac642","scope_overseas","","NYのレジオネラ","2026-10-10 11:26","建物の冷却塔で見つかった細菌と関連して、レジオネラ症の集団感染が発生したとみられる - CNN.co.jp"
"5f5b09f2a72a0cd9","exclude","","文化論評","2026-10-10 11:26","Japanese culture permeates the world. Who owns it?"
"2c0c9e9301268460","exclude","","スポーツ論評","2026-10-10 11:26","Strong soccer teams start with merit, not politics"
"69dd4160537f0af9","exclude","","スポーツ記事","2026-10-10 11:26","Japan’s young players impress coach Eddie Jones at Nations Championship"
"0c8bdbdd247696b7","scope_overseas","","ケニアのエボラ隔離","2026-10-10 11:26","米国人7人、ケニアで隔離　エボラ熱、地元反対の施設"
"2035d97b9d3fd75a","exclude","","事件の追悼記事","2026-10-10 11:26","Kyoto Animation holds memorial service for 2019 arson attack victims"
"1bef5491867aea29","exclude","","スポーツ交流の記事","2026-10-10 11:26","新発田市など下越の中高生がバスケ交流でロサンゼルスへ！2020年は新型ウイルス禍で中止に…..."
"ebd47e9331dc1ea4","exclude","","経済記事","2026-10-10 11:26","Young Japanese who rode AI boom flaunt wealth with luxury buys"
"ddf11c6e6bdb778b","scope_overseas","","NYのレジオネラ","2026-10-10 11:26","New York officials find Legionella in 76 cooling towers as cases hit 63"
"a14cbd93dd913d76","exclude","","過労死統計（感染症と無関係）","2026-10-10 11:26","Japan logs record compensation payouts for <i>karōshi</i> and work-related illnesses"
"3c3f39fa7b5f2059","exclude","","事件記事","2026-10-10 11:26","Man held for allegedly planning indiscriminate killing in Tokyo"
"e4c4098ad784dd23","scope_overseas","","ウガンダ保健省","2026-10-10 11:26","MINISTRY OF HEALTH CONVENES EBOLA ACCOUNTABILITY FORUM TO STRENGTHEN TRANSPARENCY AND PARTNER COORDINATION"
"8f79d4745ab5835f","scope_overseas","","米国のサイクロスポラ","2026-10-10 11:26","What we truly know about the huge US Cyclospora outbreak—and what we don’t"
"cc9e462008a4d1b9","scope_overseas","","台湾CDC","2026-10-10 11:26","國內新增3例日本腦炎病例 呼籲民眾加強防蚊並按時攜幼兒接種日本腦炎疫苗"
"83b95cb05b1a2d4a","scope_overseas","","台湾CDC","2026-10-10 11:26","新冠疫情持續升溫 籲請民眾接種疫苗 具重症風險因子者出現疑似症狀儘速就醫"
"1ecb9eaf8d9f325f","exclude","","給付制度の経済記事","2026-10-10 11:26","Japan National Council chief modifies draft of new benefit program"
"16fcdb428b1ec47d","exclude","","求人","2026-10-10 11:26","子どもインフルエンザ予防接種助成事業事務補助員（パートタイム会計年度任用職員）の募集"
"6d04eeca4353c6c7","exclude","","AI旅行調査","2026-10-10 11:26","Six out of 10 in Japan using generative AI to plan summer trips, survey finds"
"b6149de4e15f7abd","exclude","","スポーツ記事","2026-10-10 11:26","Eddie Jones says ‘pretty obvious’ Japan on right track"
"5330a9970eacc0e5","exclude","","スポーツ記事","2026-10-10 11:26","Daichi Kamada signs new deal with Crystal Palace"
"163b33b125b78bae","exclude","","経済記事","2026-10-10 11:26","Japan’s bank lending rises fastest since COVID-19, backing BOJ’s path"
"db8022a49689d3d0","exclude","","通信の記事","2026-10-10 11:26","Japan mobile carriers to delay rollout of 060 prefix"
"6aff8250a6a8e598","exclude","","経済記事","2026-10-10 11:26","Japanese payment processor’s collapse hits banks and restaurants"
"207f2da8ebc381d9","exclude","","経済記事","2026-10-10 11:26","Government tweaks phrasing on BOJ in draft policy plan"
"4e804f2d6b91e59b","exclude","","防衛記事","2026-10-10 11:26","Japan set to deliver five retired MSDF warships to Philippines in ‘two to three years’"
"a16c7a7add14a91d","scope_overseas","","米国のボツリヌス症","2026-10-10 11:26","One more infant sickened with botulism in outbreak tied to powdered formula"
"e11abc02411ed621","scope_overseas","","台湾CDC","2026-10-10 11:26","國內新增1例腸病毒感染併發重症病例 籲請民眾落實勤洗手及環境衛生 並注意嬰幼童腸病毒重症前兆病徵"
"a30fbea104eae0de","exclude","","救急隊への暴力","2026-10-10 11:26","Violence toward ambulance crews in Tokyo higher in 2025 and rising this year"
"a43153e88dd938ea","scope_overseas","","海外研究（CIDRAP）","2026-10-10 11:26","Kids with chronic conditions at greater risk for serious respiratory tract infections, study finds"
"58e25ab1d5292b03","exclude","","豪雨災害の追悼","2026-10-10 11:26","Victims mourned 8 years after western Japan rain disaster"
"1ee54882fa5942d7","exclude","","薬物事件","2026-10-10 11:26","Number of people who have tried cocaine reaches new high in Japan, study shows"
"37a81fc70da445e8","exclude","","防衛省の記事","2026-10-10 11:26","Defense Ministry introduces e-scooter sharing at Tokyo headquarters"
"525cfc0b482bccdc","exclude","","経済記事","2026-10-10 11:26","Japan bets on character IP to drive global growth"
"6912238beb784c71","exclude","","詐欺事件","2026-10-10 11:26","Fake police scams in Tokyo down nearly 40% in January through May"
"b4fde5d78e6ad4f2","exclude","","社会記事","2026-10-10 11:26","Women increasingly active in Japan’s fish markets"
"9212b12614b587a8","exclude","","環境記事","2026-10-10 11:26","Okinawa’s prized seaweed under threat as oceans warm"
"7c603a4ecc85b1a5","exclude","","経済記事","2026-10-10 11:26","Japan’s 2026 wage talks result in third year of gains above 5%"
"d6f7e1dd2491483f","exclude","","皇室記事","2026-10-10 11:26","Japan’s princesses face life-altering legal revisions"
"ee26942093c3e953","exclude","","音楽記事","2026-10-10 11:26","Tujiko Noriko’s new album is a feline tour de force"
"289c40013ac04a7b","exclude","","大学の研究費","2026-10-10 11:26","Kyoto University to be third recipient of world-class research aid"
"19e73d36a55062e0","exclude","","飲食店の記事","2026-10-10 11:26","Japan’s first standalone ramen shop reopens in Asakusa"
"c399cc6fea0c8deb","exclude","","皇室論評","2026-10-10 11:26","Tradition vs. change: Japan’s imperial succession debate intensifies"
"220ad0f3730a0c6a","exclude","","外交記事","2026-10-10 11:26","Russian envoy to skip Hiroshima peace ceremony"
"8478d88a9c9a4aeb","exclude","","政治記事","2026-10-10 11:26","Following petition, female lawmakers in Japan get two more toilets"
"ca0b50d59a1af062","scope_overseas","","ソウルの媒介蚊","2026-10-10 11:26","マラリアやデング熱などの感染症を移すことができる媒介蚊が、ソウルで例年より1~2週間早く出現したことが分かった。 まだ感染症の病原体は検出されていないが、全国的に日本脳炎とマラリア警報が相次いで発令さ.. - 매일경제"
"3e83f592d3de8172","scope_overseas","","JICAの海外事業","2026-10-10 11:26","感染症疫学サーベイランスシステム強化プロジェクト - JICA - 国際協力機構"
"bff8b4e55af27664","scope_overseas","","JICAの海外事業","2026-10-10 11:26","感染症疫学サーベイランスシステム強化プロジェクト - jica.go.jp"
"a3aec7c9c4533e6c","scope_overseas","","海外研究（CIDRAP）","2026-10-10 11:26","Artificial intelligence could usher in a new era of vaccine development"
"f288e7357aca16f5","scope_overseas","","台湾CDC","2026-10-10 11:26","國內外新冠疫情持續上升，呼籲尚未接種疫苗民眾把握機會儘快接種"
"6d332e07ca040969","scope_overseas","","米国のエムポックス","2026-10-10 11:26","Public Health Alerts: Public health response to clade Ib mpox with multiple exposures in congregate living settings—New Hampshire, February 2025"
"280f9616efe27c8e","scope_overseas","","日本政府の海外支援","2026-10-10 11:26","日本政府、コンゴ民主共和国におけるエボラ出血熱流行に対応するため、UNICEFを通じた50万米ドルの緊急無償資金協力の実施を決定"
"7bafdcf720fef6fe","scope_overseas","","米国のレジオネラ","2026-10-10 11:26","Device to mix baby formula contributed to infant’s Legionnaires' disease, report finds"
"581f762e2fa32ebd","scope_overseas","","NYのレジオネラ","2026-10-10 11:26","Public Health Alerts: Outbreak of Legionnaires’ disease associated with cooling tower systems in Central Harlem"
"4de12eda676064ff","exclude","","まとめサイトのタグ一覧","2026-10-10 11:26","必死 タグの一覧へ"
"94ea7479fa280da3","scope_overseas","","米国のボツリヌス症","2026-10-10 11:26","At least 3 infants sickened in botulism outbreak linked to powdered formula"
"0c763c687a56082f","scope_overseas","","VIETJO ベトナムの記事","2026-10-10 11:26","ホーチミン：デング熱流行、武田製ワクチンの需要急増［社会］ - VIETJOベトナムニュース"
"d82305a61014f670","scope_overseas","","米国の速報まとめ","2026-10-10 11:26","Quick Takes: New avian flu detections, early uptick in Florida Vibrio cases, Salmonella outbreak of unknown origin"
"92b9bb17efe52222","scope_overseas","","米国の速報まとめ","2026-10-10 11:26","Quick Takes: New avian flu detections, early uptick in Florida Vibrio cases, Salmonella outbreak of unknown origin"
"0f552aae09aa71bd","scope_overseas","","米国の速報まとめ","2026-10-10 11:26","Quick takes: Second NWS case in Texas, US measles elimination status in doubt, polio in 3 nations"
"32962228a458f7cf","scope_overseas","","海外研究（CIDRAP）","2026-10-10 11:26","Lingering symptoms follow chikungunya, dengue, Zika, malaria infections"
"022d6c3d91da0d52","scope_overseas","","海外研究（CIDRAP）","2026-10-10 11:26","Lingering symptoms follow chikungunya, dengue, Zika, malaria infections"
"b831d765039e4e1c","scope_overseas","","海外研究（CIDRAP）","2026-10-10 11:26","Lingering symptoms follow chikungunya, dengue, Zika, malaria infections"
"afa563143820bd73","scope_overseas","","海外研究（CIDRAP）","2026-10-10 11:26","Mpox infections may outnumber diagnosed cases 33 to 1, study suggests"
"cf552d1b64361179","scope_overseas","","米国の鳥インフル","2026-10-10 11:26","US officials note a handful of new avian flu outbreaks at poultry facilities"
"028331ab925a1b91","scope_overseas","","米国のマラリア研究","2026-10-10 11:26","1 in 4 US kids with travel-acquired malaria face delayed diagnosis, raising risk of severe disease"
"66966883b6e91ce9","scope_overseas","","米国のレジオネラ","2026-10-10 11:26","Santa Clara, California, hospital investigates 18 Legionella infections"
"a2dd7f1911d5e02a","scope_overseas","","米国の鳥インフル","2026-10-10 11:26","Avian flu detections drop across the US"
"5145c1236edaeacc","scope_overseas","","米国の調査","2026-10-10 11:26","Survey identifies potential resident-physician barriers to specializing in infectious diseases"
"fb834aae7c55a5dd","scope_overseas","","海外研究（CIDRAP）","2026-10-10 11:26","Air pollution linked to recurrent respiratory infections in infants"
"ff0146b66a16438c","scope_overseas","","海外のマラリア","2026-10-10 11:26","‘We are worried’: Malaria mounts a comeback after slashed US funding"
"713779049a00ad60","scope_overseas","","海外研究（CIDRAP）","2026-10-10 11:26","Severe malaria in early childhood tied to long-term cognitive issues"
"4e0e3d661ee88653","scope_overseas","","海外研究（CIDRAP）","2026-10-10 11:26","Dengue may pose similar risk of Guillain-Barre as flu, Campylobacter"
"4f6a7a45f87f7490","scope_overseas","","米国の破傷風","2026-10-10 11:26","Report details tetanus in 4 unvaccinated US kids, including refusal of post-exposure prevention"
"4ce0e58849f7e0fa","scope_overseas","","独RKIでの交流","2026-10-10 11:26","Japanische Delegation zu Besuch am Robert Koch-Institut zum Austausch über Poliomyelitis"
"f52ed5f341651966","scope_overseas","","米国のHib","2026-10-10 11:26","Report spotlights invasive Hib disease outbreaks among homeless"
"416d78cda0ed1745","scope_overseas","","海外研究（CIDRAP）","2026-10-10 11:26","AI chatbots provide poor answers to medical questions half the time, study finds"
"4a5f091065a8c2c9","scope_overseas","","米国の破傷風","2026-10-10 11:26","Tetanus still occurs among all ages in US, mainly in undervaccinated"
"fd256bacc79e5bd8","scope_overseas","","海外の速報まとめ","2026-10-10 11:26","Quick takes: More meningitis at University of Kent, Texas measles outbreaks, dengue in Samoa"
"2be2e3b5ced30cbb","scope_overseas","","ブラジルのワクチン","2026-10-10 11:26","Butantan dengue vaccine estimated to be 81% effective against severe disease for at least 5 years"
"02adb963407f73af","scope_overseas","","海外研究（CIDRAP）","2026-10-10 11:26","Recent pandemic viruses, including SAR-CoV-2, spread directly to people without adaptation, researchers say"
"39ccba18dcb2f47f","scope_overseas","","海外研究（CIDRAP）","2026-10-10 11:26","Recent pandemic viruses, including SAR-CoV-2, spread directly to people without adaptation, researchers say"
"98e265c8b0d613fe","scope_overseas","","海外研究（CIDRAP）","2026-10-10 11:26","Legionella pneumonia tied to high death rates, especially in older patients with underlying conditions"
"ef79d977edd00ca5","scope_overseas","","海外研究（CIDRAP）","2026-10-10 11:26","Analysis suggests rope squirrels are a natural reservoir of mpox virus"
"5ab8f7374a64e635","scope_overseas","","海外研究（CIDRAP）","2026-10-10 11:26","Tpoxx doesn’t improve on placebo in achieving key mpox outcomes, phase 3 trial concludes"
"3b3c233216042f1c","scope_overseas","","米国のボツリヌス症","2026-10-10 11:26","Public Health Alerts: Multistate infant botulism outbreak associated with powdered infant formula"
"8fb3797708c1fab3","scope_overseas","","ペンシルベニアの鳥インフル","2026-10-10 11:26","Pennsylvania Ramps Up Testing as Bird Flu Affects 7.2 Million Birds in 2026"
"beb42e34f98828f6","scope_overseas","","バンコクのエムポックス","2026-10-10 11:26","バンコク・トンブリー拘置所でエムポックス感染の受刑者死亡 - タイランドハイパーリンクス"
"13b9e7bd6f4f9c3d","scope_overseas","","海外企業のワクチン","2026-10-10 11:26","Sanofi scraps plan to develop next-generation mRNA seasonal flu vaccine"
"276d7b68b0a7e9eb","scope_overseas","","海外の速報まとめ","2026-10-10 11:26","Quick takes: Death toll from USAID cuts, withdrawal of chikungunya vaccine, funding for updated Ebola vaccine"
"c976cf3e3b2fe2b7","scope_overseas","","海外研究（CIDRAP）","2026-10-10 11:26","Mpox doesn’t always cause illness, yet many patients have long-term effects, studies suggest"
"3e4eb979ad90766f","scope_overseas","","海外研究（CIDRAP）","2026-10-10 11:26","Novel cholera vaccine shows promise in phase 1 trial"
"86aee1dde8e48ef9","scope_overseas","","海外研究（CIDRAP）","2026-10-10 11:26","Mpox antibodies wane 2 years after infection or vaccination, study finds"
"6432b652ae5c13d8","scope_overseas","","海外研究（CIDRAP）","2026-10-10 11:26","Mpox infection early in pregnancy linked to poor fetal outcomes, study suggests"
"ae43e3e930a7cda4","scope_overseas","","海外研究（CIDRAP）","2026-10-10 11:26","Experimental multistage malaria vaccine shows promising protection in small trial"
"4107ae397fd7dc79","scope_overseas","","米国の速報まとめ","2026-10-10 11:26","Quick takes: Measles reappears in Connecticut, more infant botulism, avian flu in Florida birds"
"4ce8b2214fecd0ba","scope_overseas","","海外の速報まとめ","2026-10-10 11:26","Quick takes: Marburg cases reach 13, avian flu detections in Alaska"
"d6ec99079a6a7b88","scope_overseas","","海外研究（CIDRAP）","2026-10-10 11:26","Preschoolers with congenital Zika syndrome at significantly higher risk for epilepsy-related hospitalization"
"6b58de6e54cfb710","scope_overseas","","米国のボツリヌス症","2026-10-10 11:26","California identifies infant botulism cases tied to powdered formula from months before current outbreak"
"62cc4f554eb97051","scope_overseas","","海外の速報まとめ","2026-10-10 11:26","Quick takes: Egg Salmonella outbreak called over, new Marburg cases in Ethiopia, intense flu in Japan"
"44ddd43a8ec17a7d","scope_overseas","","海外研究（CIDRAP）","2026-10-10 11:26","Single-dose malaria treatment as effective as multi-dose regimen, trial shows"
"ae8c0399fc3779ed","scope_overseas","","米国のボツリヌス症","2026-10-10 11:26","13 cases of infant botulism tied to tainted baby formula"
"6a2d52b1701322d6","scope_overseas","","海外研究（CIDRAP）","2026-10-10 11:26","Intranasal vaccine against H5 avian flu provokes broad immune response in adults in phase 1 trial"
"e6aa2a2c491f67df","scope_overseas","","海外研究（CIDRAP）","2026-10-10 11:26","Trial data highlight sustained protection from dengue vaccine"
"3c2f8cf920dba188","scope_overseas","","CIDRAPの資料公開","2026-10-10 11:26","CIDRAP and CEPI launch resources to track development of coronavirus vaccines"
"7f1e60fbe866c1a3","scope_overseas","","WHO財政の論文","2026-10-10 11:26","WHO too reliant on funding from donor organizations, paper argues"
"e25104e53e2dde97","exclude","","妊娠と薬の相談（感染症と無関係）","2026-10-10 11:26","基礎疾患のある妊産婦等への妊娠と薬に関する相談支援を行います。"
"8a2995cc0d0f6002","exclude","","希少疾患の講演会","2026-10-10 11:26","希少疾患講演会"
"494e514546d6a7cd","exclude","","心のサポーター研修","2026-10-10 11:26","令和8年度兵庫県心のサポーター養成研修の開催"
"337c3a58fb49c1dc","exclude","","ゲノム編集胚の会議","2026-10-10 11:26","第５回ゲノム編集技術等を用いたヒト受精胚等の取扱い等に関する合同会議（第13回ゲノム編集技術等を用いたヒト受精胚等の臨床利用のあり方に関する専門委員会、第26回ヒト受精胚を用いる遺伝性・先天性疾患研究に関する専門委員会）　資料"
"86626a0579e6d2c0","exclude","","療養所跡の福祉施設の記事","2026-10-10 11:26","＜隔絶から共生へ＞絶やさぬ花 約束胸に"
"e3ce2283f0d2c9e9","exclude","","芸能人の体調の話題","2026-10-10 11:26","スリム真栄田 6年前に発症した病 症状残り再受診→まさかの診断「神経が記憶」「マジで気をつけて」 10/5 12:56"
"22d98889472fee48","exclude","","労働者派遣の調達案内","2026-10-10 11:26","予防接種事務（県内相互乗り入れ事業）労働者派遣業務（単価契約）（保健所感染症対策課）　令和８年１０月５日"
"12e3ccec827e9a27","exclude","","クリニックのPR","2026-10-10 11:26","医療法人社団MYメディカル、運営する全7院で2026-2027シーズンのインフルエンザ予防接種を開始"
"64d0f3c2050abb87","exclude","","雇用研究（感染症と無関係）","2026-10-10 11:26","ロボット、デジタル技術、及び雇用の成長と質：全国イノベーション調査による実証分析 [DISCUSSION PAPER No.257]を公表しました(10/9)"
"6306f11aaadb40be","exclude","","知事選の記事","2026-10-10 11:26","【福島県知事選】 金山屯候補 ８６ 無新 乗馬学校代表 郡山からにぎわい波及 3時間前"
"09a7038cf185c495","exclude","","芸能人の感染・公演延期","2026-10-10 11:26","声優今井文也、新型コロナ罹患 公演延期"
"f76e8f6f1976252b","scope_domestic","","国内向けインフル誤情報の検証（JFC）","2026-10-10 11:26","インフルエンザの偽・誤情報は毎年、形を変えて広がる 国内外の検証に見る5つの手口【プレバンキング】(日本ファクトチェックセンター)"
"462b332639a2abc8","exclude","","企業PR","2026-10-10 11:26","妊婦さんや赤ちゃんの敏感肌研究を行っている低刺激スキンケアメーカー株式会社ナチュラルサイエンス、従業員向けに麻疹風疹予防接種の費用を全額補助し、接種を実施。2014年からスタートし今年で13年目に - PR TIMES"
"da7895243c461f97","exclude","","芸能人の感染・公演延期","2026-10-10 11:26","声優・岩崎諒太 インフルエンザで公演延期 「開催直前のご案内となり…心よりお詫び」 10/9 08:35"
"65d81c0517e81b9c","exclude","","神経免疫学会の案内","2026-10-10 11:26","人生に寄り添う個別化治療の時代へ――第38回日本神経免疫学会学術集会が10月に東京で開催(Medical Note)"
"26ea95bd9286dcc9","exclude","","芸能人の感染・公演延期","2026-10-10 11:26","29歳声優 新型コロナ感染で11日のイベント出演延期 所属事務所「心より深くお詫び申し上げます」 10/8 21:44"
"15f23dd91dce99ca","exclude","","膀胱がん治療（感染症と無関係）","2026-10-10 11:26","【松波総合病院】膀胱がんへの新治療法を開始 全国で４例目、東海三県で初"
"4b27095cb55de771","exclude","","子どもの体力指標","2026-10-10 11:26","子どもの体力指標が低下…コロナ禍前に戻らず 生活様式の変化と分析…「スマホンなど..."
"bfe6770c55ea5aa5","exclude","","北朝鮮への医療機器支援（政治）","2026-10-10 11:26","韓国政府 北韓に93億ウォン規模の医療物資支援を計画 野党は反発"
