"keyword","source","title","link","snippet","posted","posted_date","epiyear","epiweek"
"急性呼吸器感染症","Google RSS","2025年 第28週(令和7年7月7日から令和7年7月13日) - city.sakai.lg.jp","https://news.google.com/rss/articles/CBMizAFBVV95cUxQVFpIUV9lS2FkVXAzVDVwVTFiX0ZMYmRjQUQ3dDNoUXJPQTRZcU1hLVdDTloxNkFXdHVfRU5BVFdBMU5MT3JuSHA0c05YZk5veGVvTzZfdWdZVy1Oa1FMUk80Rm5KZzlGUDBNeUtIRFZlT3M2WXZ0d0pmYmk2VV9fT0lYYjBFZVlVRTNvekt1QmNFcEotSkI0UGlLNENIUGRPTVZlb2xyRDZPZGdRVDB0ajNfXzQxVkF4TmxBc3ZHQmdCZngtZjBNVXZWVlg?oc=5","2025年 第28週(令和7年7月7日から令和7年7月13日),"Sat, 19 Jul 2025 06:01:09 GMT",2025-07-19,2025,29
"急性呼吸器感染症","Google RSS","〔急性呼吸器感染症定点当たり報告数まとめ〕全国の定点報告数52.71人・37都府県で増加(第27週) - ｄメニューニュース","https://news.google.com/rss/articles/CBMiiAFBVV95cUxNWFQ2d3dyU3dZR21NaVc0bTBrQXh4OHZfSzJYZlZJeDVubng1Y284NEs5dnFUeThxellHWkplbWpkVHZVc1FuWC1iVmluMUg4YjBHNGh6ZnFCYklaTS01Umx0OW1ZYmZhc1VFX3FFVTA3NDdsbmRnYjBIVXNUakVhRW1rcldNaVZz0gGOAUFVX3lxTE90RGZMYjNQNHU3ellYVXZFNDhvRmJkWVZOeUEzcnFqeWxsRFpTcGd1OFo4MldCOFkwZzZDQ19xTzl2WU40aFBkbm5JUkQ4T3F3Q2ZaUXRMVFRwTm0zV1Y5cHM1TGt2SFhnMzN3YW5zbzRva3hOUHg5Vk5GakwwT3F2d0czREVQeTNMWkxBYlE?oc=5","〔急性呼吸器感染症定点当たり報告数まとめ〕全国の定点報告数52.71人・37都府県で増加(第27週),"Wed, 16 Jul 2025 13:35:14 GMT",2025-07-16,2025,29
"インフルエンザ","Google RSS","インフルエンザの流行状況についてお知らせします - pref.fukuoka.lg.jp","https://news.google.com/rss/articles/CBMiakFVX3lxTE1lWnNjcXBTd0xJbTJRLWdScEVtOGZYa2JzV3N1VXhMU2JxbVZUWEd0WlhrWDdVcHhVOHVnNEFfMld2Z284Z0R4dUJNdmRGN3Z1cWdaS3h0aUhNd3JQYWVWQUxYTU5UWWpFUnc?oc=5","インフルエンザの流行状況についてお知らせします,"Thu, 17 Jul 2025 07:00:00 GMT",2025-07-17,2025,29
"インフルエンザ","Google RSS","鳥インフルエンザに関する情報 - city.fukushima.fukushima.jp","https://news.google.com/rss/articles/CBMidEFVX3lxTFA1RGQ0VFZoSVpBMzRhUC1yRm44emRrWURPNkF1Qk41c2tHVmhmbDI3SGYyTHdhXzZtc3pvdkQwOHl1MTB4a29JbTl4bnpFSF9SNXBoTlBCb2tkSW9CZkpPTTMwbURjeUdNaHk5ckpJaXMyY0Rn?oc=5","鳥インフルエンザに関する情報,"Fri, 18 Jul 2025 07:00:00 GMT",2025-07-18,2025,29
"インフルエンザ","Google RSS","新型インフルエンザ等対策について - pref.fukuoka.lg.jp","https://news.google.com/rss/articles/CBMidEFVX3lxTE0xWDVTYlJEQTlBNjVydktpeWF1MlEyTG9zRFJOQmlsR1ZvUzBpVkcyZlBEeGIwaHhic21wM3prYTBkTV9DUXdZeWNQa05uRU54QTR2QXV1WGNCM29WZW1kVXNsbmtyY0Q0WnhqcWxnWFhsLUZs?oc=5","新型インフルエンザ等対策について,"Tue, 15 Jul 2025 07:00:00 GMT",2025-07-15,2025,29
"インフルエンザ","Google RSS","「季節性インフルエンザに対する半生ワクチンの研究開発」 - u-tokyo.ac.jp","https://news.google.com/rss/articles/CBMibEFVX3lxTE4tZjZWRjh1dHJEU2NtLTl1a1ZGX05pMldicVo5a1FOdkhvNkFUT2xIZnlwZUQ4SF9TYmp0c01tX0VVSi1aUlBYNExEVkZ0NkdLYU5HeHYyWHlwQmdLTk5WSy1CLWFXYWIycnFYcA?oc=5","「季節性インフルエンザに対する半生ワクチンの研究開発」,"Fri, 18 Jul 2025 07:00:00 GMT",2025-07-18,2025,29
"新型コロナ","Google RSS","新型コロナ 1医療機関当たり平均患者数2.40人 4月以来2人超え | NHK - nhk.or.jp","https://news.google.com/rss/articles/CBMib0FVX3lxTFBaZ0dvbXhFTF9OOTRQS2Nqdkx0NFlwU1J2ZF9jT2N5T1k5b2wtX2NFYmdmOF9SaGo0TnAzamNLVi1xRkpHTG9lNGlZVmJKbkdWSmdTaTFndm9EdWdKWGxtR3Y4REY1UzlEc3NlSUVudw?oc=5","新型コロナ 1医療機関当たり平均患者数2.40人 4月以来2人超え | NHK,"Fri, 18 Jul 2025 07:00:00 GMT",2025-07-18,2025,29
"新型コロナ","Google RSS","新型コロナ飲み薬 約250万人分期限切れで廃棄 国が購入 | NHK - nhk.or.jp","https://news.google.com/rss/articles/CBMib0FVX3lxTE54R2p5U3VMbUFsTGFLalkwdUw0cFBMbTAyekVKOUc0ZzlXM21FakdUX1ZMMnB1TFJXd250bmlNZS1ya3hVOXdLT2EyNGozelNsbzl6bERXcDNqaDFqYlVwNDQwZG9aMFpYVkpPNW9WRQ?oc=5","新型コロナ飲み薬 約250万人分期限切れで廃棄 国が購入 | NHK,"Wed, 16 Jul 2025 07:00:00 GMT",2025-07-16,2025,29
"新型コロナ","Google RSS","八幡浜の飲食店 新型コロナ助成金 ４７００万円余を不正受給 - nhk.or.jp","https://news.google.com/rss/articles/CBMib0FVX3lxTFBiV0N1TnFmN3JjZDNWcnhyVkU3bFVZRzBWblhXbzBiMlVCTFZtY0xDQzh0LW13Y090VXpOeWFwOWJLWXlEQlRucXRXakVsazB3N3pYODNQT0FtVmdnY3k1bjZMZ2szRlBhYURtVGJBWQ?oc=5","八幡浜の飲食店 新型コロナ助成金 ４７００万円余を不正受給,"Fri, 18 Jul 2025 07:00:00 GMT",2025-07-18,2025,29
"新型コロナ","Google RSS","盛岡の平和タクシー 破産申請へ 新型コロナで業績悪化 - nhk.or.jp","https://news.google.com/rss/articles/CBMibkFVX3lxTE40X3hRNFJpVGZvaGdSVktiR2tHUzJoRmoxUHlJb25sNW5aMl9sUU1NcndrN3cyb1NhbG1LNzJoM3pOYl92bXB3bHRHbHBvNkF0cXRudEVpX3U4SHlVT0xXTnFJYWZGcDg5QTdmd1Nn?oc=5","盛岡の平和タクシー 破産申請へ 新型コロナで業績悪化,"Tue, 15 Jul 2025 07:00:00 GMT",2025-07-15,2025,29
"RSウイルス","Google RSS","の有効塩素成分が、RSウイルスを99％以上抑制 - Panasonic Newsroom Global","https://news.google.com/rss/articles/CBMiWkFVX3lxTE5kRUQ2dWZSTjk1RVB6S3AzZEx2enctWURDTVNpbkZvZWxlSldHOFZpMDFrQ2EwWFo3TDJkMV9fZFhtcFlzdGdJQnZUMGJyMTVlRVNRY0lZdmJ3Zw?oc=5","の有効塩素成分が、RSウイルスを99％以上抑制,"Mon, 14 Jul 2025 02:04:46 GMT",2025-07-14,2025,29
"RSウイルス","Google RSS","肺炎による死亡者の９７．８％が高齢者 ＲＳウイルス、肺炎球菌…４月以降のワクチン接種スケジュールは？ - 読売新聞オンライン","https://news.google.com/rss/articles/CBMijwFBVV95cUxPZnpJUnNyVE9wNDZsVjhUM2wyNlJxWnRSOGFGNW1NeU10V1ZYSXRkMGtIeDNZQ2xuT2x0b2NRV0Z0VlhoZnZKS25JejdTMTgtVDB0ckJfYlBsREU5NEJPc3NJM1JkUExMRlBGQVNBS0pmbGdnWUx3LXByRE9BQlAwUU9pZHdnUzQ0ci1JNUpxTQ?oc=5","肺炎による死亡者の９７．８％が高齢者 ＲＳウイルス、肺炎球菌…４月以降のワクチン接種スケジュールは？,"Wed, 16 Jul 2025 07:00:00 GMT",2025-07-16,2025,29
"RSウイルス","Google RSS","クレスロビマブ 日本で新生児・乳児のRSウイルス感染症予防薬として承認申請 MSD - 医薬通信社","https://news.google.com/rss/articles/CBMi3AJBVV95cUxPd0xzVjVhcHp3QzMzTUcwSFpBSjNVTmE1OEdhOHN1bUhWeW5UVnVQWTdaTk4tdnp4eGVBMTUyWXI3ZU9kcGNiak1PVE55LWFMZFVZeXJocU94elhYMlhBb1NtZ3ZhTWhrdmVjblpDZE5HaEhaS2JCei1RUF9DSXpQaVNsdS1DbzY3ZlVOcUNpZWJlckRJQlBuWFdoVko3YjRheW1ZYm1QRUs3b1RXMTB5emJNUC1jRjU2M29zV2FPLXJTZXNzMTN1MFFGNkhlY0VRZ2oyTlJoRjRINjBrNGIxODVZVkJtSTVxX2pIXzVVeExxZGlTdkdlNTJmcnB3RHNSbWU0UWdVV0pONU1BLW83U1BRSkI3WHZha0FzOTJKZkFPSHdPN0xaZUF1RTVzbzFaVmkxOVp1RUNidmNHRVNZRHZfdUJYY1paWlo4T01uekE1d1N5dGl3UjhGLTE?oc=5","クレスロビマブ 日本で新生児・乳児のRSウイルス感染症予防薬として承認申請 MSD,"Mon, 14 Jul 2025 07:00:00 GMT",2025-07-14,2025,29
"感染症","Google RSS","感染症の流行状況 2025年 第28週 - pref.saitama.lg.jp","https://news.google.com/rss/articles/CBMidkFVX3lxTFB5bm5hakFWbkkxR3dORUxicjNkS2tGby05RzJ6Z2hyQ1pBVHN3WTY5d0x0bFFwc1g3Q0dKLUlZbjFJWFk3MnNKajhJVFZPcGVUb0N2SW9hOXpsNUJnTjlNWTkwOUE2eGFwbkJrZ2ZwVE4zN1FrVHc?oc=5","感染症の流行状況 2025年 第28週,"Wed, 16 Jul 2025 07:00:00 GMT",2025-07-16,2025,29
"感染症","Google RSS","〔急性呼吸器感染症定点当たり報告数まとめ〕全国の定点報告数52.71人・37都府県で増加(第27週) - Yahoo!ニュース","https://news.google.com/rss/articles/CBMif0FVX3lxTE8tZ3BrUVJUYm9Ha0k1am9XRFotUUZMT2x3YWxOM1k3cFR2TGRFTTdhV3ZpQzNPcmprUkVCQV83RGNZdnotSEdHYXdOcG5jbTRaWDNLdVBiU0xWckR3Ylpkb0wxdkMtQUlNeHNxeGw0a2FQek9QXzh4NkJkNUNaeXM?oc=5","〔急性呼吸器感染症定点当たり報告数まとめ〕全国の定点報告数52.71人・37都府県で増加(第27週),"Wed, 16 Jul 2025 07:00:00 GMT",2025-07-16,2025,29
"感染症","Google RSS","栄区感染症対策研修会 - 横浜市","https://news.google.com/rss/articles/CBMiogFBVV95cUxOTktLdGFuWXJ4eFFqM3N1UXdDTW1LSENvZUt6bXZQNVlIWVRQRHBkbWtpNDBSSjhhWmdUVWgtNUZBLWoyd2FEa0tOR1dXdzNGUW1DYlF3cXlLblhpVWpaMEpOTkZxYW5aWDZhVDhpMmVwN0h6S2xJX2ZWSHhsR2toLXlYTGtrN0pDdW5RQjJubFc1eS1fcHVKS1ZOZF84SDRuUlE?oc=5","栄区感染症対策研修会,"Fri, 18 Jul 2025 07:00:00 GMT",2025-07-18,2025,29
"感染症","Google RSS","「感染性胃腸炎警報」を解除しました - pref.hiroshima.lg.jp","https://news.google.com/rss/articles/CBMib0FVX3lxTE1MMXZqWExydm04SnVVNUFSbmc4T09aWGpVS1dtLTV6ZGtUVC1JMVJ1OWJRX196SEdqUkVOWVVrRGdXcXVRdXZUQXlKYVZaSEtkdV9QOVRRRklMZms0SG9OcV9XWmR3Rk9nRXVvSHZPZw?oc=5","「感染性胃腸炎警報」を解除しました,"Thu, 17 Jul 2025 07:00:00 GMT",2025-07-17,2025,29
"感染症","Google RSS","豪当局、新たに子供800人を感染症検査の対象に　職員がレイプ罪で訴追された保育施設で - BBC","https://news.google.com/rss/articles/CBMiX0FVX3lxTE5UTE1xRU0tZEZTZ1NUQlhreEZRYklZTWhFZkN0TmpmNmZUMzJ3eHNnTDAzbEtGN2pQY05kTEJlYXh6UkVrUVBvTHVzTzh0d0lvelZ6eVpFblZVVWh5VDc00gFkQVVfeXFMT0YtUGY3eGxaU0pzVnhZN0kxeGpXV0IwNDhDSTRxbDJFekk3OV96MnRmd1R0ald0UmlpMm9rUW9RUmg0cERGbFVjaG56cVdoSFB3ZjZwRTU3SEVrU2NDNVhNaTB5Nw?oc=5","豪当局、新たに子供800人を感染症検査の対象に　職員がレイプ罪で訴追された保育施設で,"Wed, 16 Jul 2025 07:00:00 GMT",2025-07-16,2025,29
"感染症","Google RSS","マダニが媒介の感染症ＳＦＴＳ 神奈川の女性感染 関東では初 - nhk.or.jp","https://news.google.com/rss/articles/CBMibkFVX3lxTE1tZi1MX0N5aUZlQ2dGQzNFN2IyYXFYbkVwdGo2RXFSYkhBT0Q3QU9uXzFuUzF6V0M0Q2UwbGdDUjhKbkJDa1BIOFh2WEJTal9YQ3o4NEtDSlBGTkFwVk42M2pPdDZvYVlKNHFIQ1ZR?oc=5","マダニが媒介の感染症ＳＦＴＳ 神奈川の女性感染 関東では初,"Thu, 17 Jul 2025 07:00:00 GMT",2025-07-17,2025,29
"感染症","Google RSS","マダニ感染症、関東に上陸 神奈川県内で感染例を初確認 致死率最大30％「対策が重要」 - 産経ニュース","https://news.google.com/rss/articles/CBMidkFVX3lxTE9YWlZoUHpwYkRsS3NPeDhxbjlvTnF5ODhpZ0EwdzlsTWNuQjZSYnQ5V1FGa0NjRVlxRndDWE1Nb1VpamJ1bWJJNmt6eHpYUE0xTGxrTG5oVFN6cVhydWplc3NXVEhHb21zOWdTb1M5WkpnS2w1RWc?oc=5","マダニ感染症、関東に上陸 神奈川県内で感染例を初確認 致死率最大30％「対策が重要」,"Fri, 18 Jul 2025 07:00:00 GMT",2025-07-18,2025,29
